Player,Status,Pos,fg_pct,avg_dist,FG,FGA,3P,3PA,2P,2PA,FT,FTA,FT%,AST,STL,BLK,TOV,PF,PTS,TS%,FTr,ORB%,DRB%,TRB%,AST%,STL%,BLK%,TOV%
A.J. Price,Inactive,PG,0.38,18.3,7.2,18.8,2.8,9,4.3,9.8,2.7,3.6,0.742,7.4,1.6,0.1,3,3.1,19.8,0.486,0.193,1.9,8.7,5.3,23.6,1.6,0.2,12.8
Aaron Brooks,Active,PG,0.413,15.2,8.6,20.9,3.1,8.5,5.5,12.4,3.5,4.2,0.839,7.4,1.4,0.3,3.8,4.6,23.9,0.525,0.2,2.1,6.9,4.5,23.7,1.4,0.5,14.4
Aaron Gordon,Active,PF,0.46,11.4,7.7,16.7,1.3,4.6,6.3,12,3.3,4.7,0.699,3.1,1.5,1.2,1.9,4.1,20,0.533,0.285,6.9,17.4,12,9.7,1.5,1.9,9.4
Aaron Gray,Inactive,C,0.509,3.9,6,11.8,0,0,6,11.7,2.5,4.5,0.562,2.8,1.3,1.2,3.6,9.2,14.5,0.528,0.383,12.9,23.1,18,8.4,1.3,1.8,20.8
Adreian Payne,Active,PF,0.399,11.5,6.2,15.6,0.5,2.1,5.7,13.5,2.3,3.4,0.67,2.5,1.6,1,3.3,7.3,15.2,0.444,0.217,6.4,19.6,13,7.5,1.6,1.6,16.1
Al Harrington,Inactive,PF,0.445,12.2,9.3,20.8,1.8,5.1,7.5,15.7,4.1,5.6,0.727,3,1.6,0.5,3.4,5.7,24.4,0.523,0.268,6.1,16.4,11.2,10.1,1.6,0.7,12.7
Al Horford,Active,C,0.528,10.1,9.4,17.9,0.5,1.4,9,16.5,2.9,3.9,0.748,4.6,1.3,1.9,2.5,3.7,22.3,0.568,0.216,8,22,15,15.1,1.3,2.8,11.2
Al Jefferson,Active,C,0.499,7.8,12.2,24.4,0,0.1,12.1,24.3,4,5.6,0.709,2.6,1.2,2.1,2.4,4.6,28.3,0.527,0.23,9,25.1,16.9,9.7,1.2,3.3,8.2
Al-Farouq Aminu,Active,SF,0.426,11.5,5.8,13.5,1.3,3.9,4.5,9.7,2.7,3.8,0.725,2.6,2,1.3,2.8,4,15.5,0.511,0.279,6.6,20.4,13.5,7.7,2,2,15.3
Alan Anderson,Active,SF,0.405,16.2,6.5,16,2.5,7.4,3.9,8.6,3.1,3.8,0.816,2.8,1.4,0.2,2.2,4.6,18.6,0.526,0.238,2.6,9.7,6.1,8.8,1.4,0.4,11.2
Alan Williams,Active,C,0.509,4.5,9.1,18,0,0.1,9.1,17.9,4.9,7.8,0.627,1.7,1.9,2.3,2.7,8.6,23.2,0.541,0.433,14.7,31.9,23.1,5.7,1.9,3.9,11
Alec Burks,Active,SG,0.428,12,8.4,19.6,1.4,4,6.9,15.6,5.9,7.9,0.752,4.2,1.5,0.4,3.3,4.6,24.1,0.524,0.404,3.5,11.8,7.7,13.6,1.5,0.6,12.5
Alex Abrines,Active,SG,0.393,20.6,6.2,15.9,4.4,11.5,1.9,4.4,2,2.3,0.898,1.9,1.7,0.4,1.5,5.3,18.9,0.56,0.144,1.9,7.1,4.5,5.5,1.7,0.6,8.3
Alex Len,Active,C,0.465,6.5,6.6,14.1,0,0.2,6.5,13.9,3.9,5.4,0.716,1.6,1.1,2.6,3.2,7,17,0.517,0.383,10.5,24.1,17.2,5.2,1.1,4.3,16.4
Alexey Shved,Inactive,SG,0.369,15.7,7,18.9,2.5,8.3,4.4,10.6,4.6,6.1,0.762,7.2,1.7,0.8,3.8,3.1,21.1,0.489,0.323,2.8,9.6,6.1,23.2,1.7,1.2,15
Alexis Ajinca,Active,C,0.503,9.1,8.5,16.8,0.2,0.6,8.3,16.3,3.3,4.1,0.797,1.9,1.3,2.4,3.3,8.7,20.4,0.546,0.246,9.9,23.5,16.6,5.9,1.3,3.7,14.9
Allen Crabbe,Active,SG,0.456,17.4,6.7,14.7,2.7,6.7,4,8,2.1,2.5,0.848,2.3,1.3,0.5,1.4,4.3,18.3,0.578,0.17,1.1,10,5.6,6.9,1.3,0.8,8.1
Alonzo Gee,Active,SF,0.434,10.3,5.7,13.1,1.1,3.2,4.6,9.8,3.2,4.3,0.754,2.5,2.1,0.6,2.5,4.5,15.6,0.522,0.325,4.7,12.6,8.5,7.6,2.1,0.9,14.5
Amar'e Stoudemire,Inactive,PF,0.537,6.9,11.5,21.3,0.1,0.2,11.4,21.1,8,10.6,0.761,2,1.2,2,3.8,5.2,31,0.597,0.495,9,19.5,14.4,6.9,1.2,2.9,12.7
Amir Johnson,Active,PF,0.574,6.3,7.3,12.7,0.3,0.8,7,11.9,2.5,3.7,0.674,2.8,1.4,2.4,2.6,7.1,17.4,0.605,0.29,10.8,18.6,14.7,8.5,1.4,3.7,15.3
Anderson Varejao,Active,C,0.51,6.2,6.3,12.4,0,0.1,6.3,12.2,3.3,5.3,0.631,2.6,1.9,1.4,2.1,5.7,15.9,0.543,0.427,11.5,23.3,17.4,7.7,1.9,2.1,12.4
Andray Blatche,Inactive,PF,0.467,9,9.8,21,0.2,0.9,9.6,20.1,4.2,5.8,0.725,3.4,2.1,1.9,3.8,5.8,24,0.511,0.277,9.6,18.9,14.1,11.3,2.1,2.9,14.1
Andre Drummond,Active,C,0.548,3,9.9,18,0,0.1,9.9,17.9,3,8,0.381,1.2,2.1,2.6,2.6,5.3,22.8,0.53,0.443,16.5,31.5,23.7,4.1,2.1,4,10.9
Andre Iguodala,Active,SF,0.465,13.4,6.9,14.9,1.4,4.1,5.5,10.7,4.1,5.7,0.714,6.7,2.4,0.7,3,2.8,19.3,0.555,0.385,3.2,14.1,8.7,19.9,2.4,1.1,14.8
Andre Miller,Inactive,PG,0.461,10.1,7.8,17,0.3,1.2,7.6,15.8,5.2,6.4,0.807,11,2,0.3,4,3.7,21.1,0.532,0.38,4,9.9,6.9,34.7,2,0.4,16.9
Andre Roberson,Active,SG,0.473,10.4,4.2,8.9,0.9,3.4,3.3,5.5,1,2,0.493,1.9,1.9,1.4,1.3,4.9,10.3,0.526,0.222,5.5,14,9.8,5.1,1.9,2.2,12
Andrea Bargnani,Inactive,C,0.439,15,9.7,22.1,2.1,5.9,7.6,16.2,4.6,5.5,0.824,2.2,0.7,1.6,2.8,4.4,26,0.531,0.251,3.9,15,9.5,7.1,0.7,2.4,10.3
Andrei Kirilenko,Inactive,SF,0.474,9.8,7,14.7,0.8,2.6,6.2,12.1,6.1,8.1,0.754,4.8,2.4,3.2,3.4,3.6,20.9,0.571,0.554,7.1,14.9,11,14.7,2.4,5,15.5
Andrew Bogut,Active,C,0.534,4,7.8,14.6,0,0.1,7.8,14.5,2.2,3.9,0.556,4,1.1,2.8,3.1,5.6,17.8,0.545,0.27,9.9,25.2,17.5,12.3,1.1,4.3,16
Andrew Bynum,Inactive,C,0.556,4.1,9.3,16.7,0,0,9.3,16.7,4.8,6.9,0.69,2.4,0.6,3.2,3.1,5,23.4,0.592,0.415,10.9,22.9,17,7.5,0.6,4.6,13.6
Andrew Goudelock,Inactive,SG,0.393,18.8,8.5,21.7,3.2,9.3,5.3,12.4,1.5,1.8,0.875,2.7,1.1,0.2,3.1,4,21.8,0.485,0.082,1.7,6.1,4,8.5,1.1,0.4,12.1
Andrew Harrison,Active,PG,0.325,15.7,4.1,12.7,1.5,5.5,2.6,7.2,5.2,6.8,0.763,7,1.9,0.7,3,6.8,15,0.477,0.539,1.7,9,5.3,20,1.9,1.4,16
Andrew Nicholson,Active,PF,0.467,12.6,8.9,19,1.1,3.4,7.8,15.6,2.5,3.2,0.773,1.6,0.9,1.2,2.7,5.7,21.3,0.522,0.168,5.2,18.5,11.8,5.1,0.9,1.9,11.5
Andrew Wiggins,Active,SF,0.45,11.5,10.3,22.9,1.1,3.5,9.2,19.4,6.8,9,0.76,3,1.4,0.7,3.1,3.1,28.6,0.532,0.393,4.4,8.6,6.5,10.2,1.4,1.2,10.4
Andris Biedrins,Inactive,C,0.594,2.2,6.4,10.7,0,0,6.4,10.7,1.7,3.4,0.5,2.1,1.5,2.6,2.1,7.2,14.4,0.591,0.318,11.5,24.5,17.9,6.1,1.5,3.8,14.9
Antawn Jamison,Inactive,PF,0.45,12.3,10.6,23.4,1.6,4.6,9,18.8,4.8,6.7,0.724,2.4,1.4,0.6,2.4,3.5,27.5,0.523,0.285,7.3,17.2,12.2,8.5,1.4,0.8,8.2
Anthony Bennett,Active,PF,0.392,13.2,6.7,17,1,3.7,5.7,13.4,3.2,4.8,0.67,2,1.5,0.7,2.6,5.5,17.5,0.457,0.279,7.6,20.5,13.9,6.5,1.5,1.1,12.1
Anthony Davis,Active,PF,0.513,9.5,12.6,24.6,0.3,1.2,12.3,23.4,7.7,9.8,0.787,2.6,1.9,3.5,2.6,3.6,33.3,0.576,0.398,8.2,25.2,16.6,9.5,1.9,5.6,8.4
Anthony Morrow,Active,SG,0.447,17.7,8.1,18.1,3.3,8,4.7,10.1,2.5,2.8,0.88,2,1.3,0.3,1.6,3.7,22,0.569,0.158,2.8,8.3,5.6,6.4,1.3,0.5,7.5
Anthony Randolph,Inactive,PF,0.453,9,8.7,19.2,0.3,1.1,8.4,18.1,5.3,7.2,0.74,2.4,1.9,2.9,3.8,5.9,23,0.514,0.376,9.6,21.4,15.5,7.8,1.9,4.2,14.6
Anthony Tolliver,Active,PF,0.414,18.3,5.3,12.7,2.8,7.7,2.5,5,2.3,3,0.766,2.3,1,0.8,1.6,4.2,15.6,0.556,0.238,4.7,15.2,9.9,6.7,1,1.2,10.3
Archie Goodwin,Active,SG,0.429,9,7.5,17.6,0.9,3.9,6.6,13.6,5.4,7.7,0.7,4.2,1.4,0.8,4.2,3.9,21.3,0.51,0.436,3.9,11.3,7.6,13.7,1.4,1.2,16.8
Arnett Moultrie,Inactive,PF,0.547,7.4,6.6,12.2,0,0,6.6,12.2,1.6,2.3,0.667,0.8,1.8,1,1.8,4.6,14.9,0.563,0.192,13,14.7,13.8,2.6,1.8,1.5,12.2
Aron Baynes,Active,C,0.514,5.5,7.5,14.5,0,0.1,7.5,14.4,3.9,4.8,0.811,1.9,0.7,1.5,2.8,7.1,18.9,0.566,0.333,11.4,21.2,16.2,5.7,0.7,2.3,14.4
Arron Afflalo,Active,SG,0.451,15.2,7.4,16.5,2.1,5.4,5.3,11.1,3.5,4.2,0.825,3.5,0.9,0.3,2.1,3.6,20.4,0.557,0.255,1.9,10,6,10.7,0.9,0.5,10.4
Austin Daye,Inactive,SF,0.402,16.1,7.3,18.3,2.4,6.9,4.9,11.3,2.6,3.3,0.778,2.7,1.5,1.5,2.6,6.2,19.7,0.5,0.182,4,18.6,11.1,8.3,1.5,2.3,11.8
Austin Rivers,Active,SG,0.418,12.1,7.1,17.1,1.8,5.2,5.3,11.9,3,4.7,0.651,4.9,1.4,0.3,2.6,4.8,19.1,0.5,0.274,1.6,8.2,4.9,14.6,1.4,0.5,11.8
Avery Bradley,Active,SG,0.442,15.5,8.8,19.9,2.3,6.2,6.5,13.7,1.9,2.5,0.772,3.1,1.9,0.4,2.5,3.9,21.8,0.519,0.124,2.7,9.5,6.1,9.9,1.9,0.6,10.5
Ben Gordon,Inactive,SG,0.432,16.4,10.1,23.3,3,7.5,7.1,15.8,5.3,6.1,0.857,4.8,1.3,0.3,4,4.4,28.4,0.546,0.263,1.9,8.7,5.2,16.5,1.3,0.4,13.3
Ben McLemore,Active,SG,0.417,15.9,6.7,16,2.5,7,4.2,9,2.6,3.3,0.78,2.4,1.4,0.4,2.6,4.5,18.4,0.527,0.209,2.1,9.2,5.7,7.3,1.4,0.6,13.2
Beno Udrih,Active,PG,0.463,14,7.8,16.8,1.3,3.8,6.4,13,2.9,3.4,0.833,8.1,1.6,0.2,3.3,3.6,19.7,0.539,0.204,1.9,8.9,5.4,25.1,1.6,0.3,15.4
Bernard James,Inactive,C,0.497,3.6,5.1,10.2,0,0.2,5.1,10,3.4,5,0.68,0.9,1.1,4.1,2.3,7,13.6,0.546,0.49,12.6,18.5,15.6,2.4,1.1,6.4,15.5
Bismack Biyombo,Active,C,0.512,3.8,4.4,8.5,0,0,4.4,8.5,3,5.4,0.553,1,0.6,3.6,2.2,5.6,11.8,0.537,0.638,10.5,24.4,17.4,3,0.6,5.5,16.9
Blake Griffin,Active,PF,0.518,9,12.1,23.4,0.2,0.8,11.9,22.6,6.9,10.2,0.673,6.1,1.4,0.8,3.6,4.4,31.4,0.562,0.438,8.2,22.3,15.4,21.1,1.4,1.3,11.4
Boban Marjanovic,Active,C,0.578,4.7,11.3,19.5,0,0,11.3,19.5,8.5,10.9,0.779,1.9,1.1,2.2,2.5,5,31,0.639,0.562,16.8,28.5,22.6,6.1,1.1,3.5,9.3
Bobby Brown,Active,PG,0.384,17.4,8.2,21.4,2.8,8.6,5.4,12.8,1.6,2,0.817,7.1,1.2,0.1,3.7,4.6,20.8,0.467,0.091,1.7,5.5,3.5,22.8,1.2,0.2,14.3
Bobby Portis,Active,PF,0.455,11.7,8.8,19.4,1.1,3.5,7.7,15.8,2.1,3,0.696,2.1,1,0.8,2.2,4.6,20.9,0.504,0.154,10.1,21.9,16,6.6,1,1.2,9.5
Bojan Bogdanovic,Active,SF,0.443,14.7,7.9,17.9,3,8.1,4.9,9.8,3.4,4,0.861,2.3,0.8,0.2,2.7,3,22.3,0.567,0.222,2.3,11.4,6.8,7.3,0.8,0.3,12
Boris Diaw,Active,PF,0.493,10.7,6.8,13.9,0.9,2.5,6,11.3,1.9,2.6,0.717,6.6,1.2,0.9,3.4,4.1,16.4,0.547,0.191,5.2,13.3,9.3,19.7,1.2,1.3,18.5
Bradley Beal,Active,SG,0.441,15.8,10,22.5,3.1,7.8,6.8,14.8,3.9,4.8,0.796,4.7,1.6,0.5,2.9,3.2,26.9,0.544,0.215,2.6,9.5,6,15.4,1.6,0.7,10.4
Brandan Wright,Active,PF,0.608,4.8,9.4,15.4,0,0.1,9.4,15.3,3.2,4.7,0.676,1.4,1.4,3.1,1.5,4.2,21.9,0.627,0.307,9.4,15.6,12.5,4.6,1.4,4.8,7.9
Brandon Bass,Active,PF,0.499,9.5,8.1,16.2,0,0.2,8.1,16,4.6,5.5,0.832,1.9,0.9,1.5,2.3,4.3,20.8,0.558,0.34,8,16,12,6.1,0.9,2.2,10.9
Brandon Davies,Inactive,PF,0.411,9.6,5.4,13.1,0.5,2.2,4.9,10.9,2.9,4.4,0.644,2.9,2.1,0.7,3.2,7.4,14.1,0.469,0.34,7.9,13.1,10.4,9.3,2.1,1.2,17.4
Brandon Ingram,Active,SF,0.402,12.9,5.9,14.7,1.2,4,4.7,10.7,2.8,4.6,0.621,3.5,1.1,0.8,2.5,3.4,15.8,0.474,0.312,2.8,12.7,7.6,10.5,1.1,1.3,12.9
Brandon Jennings,Active,PG,0.388,15.1,8.4,21.7,2.8,8.1,5.6,13.6,4.2,5.3,0.795,9.6,2.1,0.3,3.7,3,23.8,0.496,0.247,2.1,9,5.4,30.2,2.1,0.4,13.2
Brandon Knight,Active,PG,0.415,14.5,9,21.7,2.7,7.5,6.3,14.2,4.3,5.4,0.812,7,1.5,0.3,4.4,3.4,25,0.52,0.247,2.1,10.3,6.1,23.5,1.5,0.5,15.4
Brandon Roy,Inactive,SG,0.459,12.8,10.5,23,1.5,4.4,9,18.6,6.5,8.1,0.8,7.2,1.6,0.4,2.8,3,29.1,0.548,0.352,3.6,11.1,7.3,23.9,1.6,0.5,9.6
Brandon Rush,Active,SG,0.426,16.7,5.8,13.6,2.5,6.2,3.3,7.4,1.4,1.9,0.706,2.2,1.1,1.2,1.9,2.9,15.4,0.534,0.143,2,12.8,7.4,6.6,1.1,1.9,11.6
Brendan Haywood,Inactive,C,0.528,4,5.9,11.3,0,0,5.9,11.2,3.7,6.3,0.587,1.2,0.9,3.1,2.4,5.8,15.6,0.555,0.562,12.6,17.5,15,3.8,0.9,4.6,14.6
Brian Roberts,Active,PG,0.411,16.8,7.5,18.3,2.2,6.1,5.4,12.2,3.4,3.7,0.908,7.2,1.3,0.2,2.7,3.7,20.6,0.516,0.202,1.3,8.1,4.6,22.6,1.3,0.3,12
Brook Lopez,Active,C,0.506,8.2,11.6,22.9,0.4,1.2,11.2,21.7,6.4,8,0.794,2.5,0.9,2.8,3.3,4.5,29.9,0.566,0.349,9.3,16.2,12.7,9.1,0.9,4.2,11.1
Buddy Hield,Active,SG,0.426,16.8,8.6,20.1,3.9,10,4.7,10.2,1.7,2,0.842,3.2,1,0.2,2.7,3,22.7,0.541,0.099,2,13.5,7.8,10.3,1,0.4,11.2
Byron Mullens,Inactive,C,0.408,14.5,8.4,20.7,1.7,5.3,6.7,15.4,2.6,3.7,0.706,2.3,1.1,1.5,2.8,5.1,21.1,0.474,0.179,6.4,20.1,13.1,8.1,1.1,2.2,11.3
C.J. McCollum,Active,SG,0.459,15.1,11.2,24.3,3.3,8,7.8,16.3,3.8,4.5,0.844,5.1,1.6,0.5,3.2,3.7,29.4,0.559,0.184,2,8.7,5.3,17.7,1.6,0.8,10.9
C.J. Miles,Active,SG,0.418,16.8,8.7,20.8,3.5,9.6,5.2,11.2,3.3,4,0.807,2.8,1.8,0.7,2.2,5.4,24.1,0.534,0.194,2.6,11,6.8,8.9,1.8,1.2,9
C.J. Watson,Active,PG,0.419,16.3,6.4,15.2,2,5.3,4.4,9.9,3.5,4.4,0.812,6.2,2.4,0.3,2.7,3.8,18.3,0.533,0.286,2,8.7,5.3,18.7,2.3,0.4,13.8
C.J. Wilcox,Active,SG,0.37,18.2,6.7,18,2.5,7.6,4.1,10.4,1.7,2.1,0.813,4,2,0.5,2.4,4,17.6,0.465,0.119,1.7,7.3,4.5,11.8,2,0.9,11.2
Cameron Payne,Active,PG,0.378,16,7.6,20.1,2.7,8.4,4.9,11.7,1,1.4,0.75,7,2.1,0.4,3.1,5.6,18.9,0.457,0.068,1.2,11,6.3,20.6,2.1,0.7,13.1
Caris LeVert,Active,SF,0.45,15.2,6.6,14.6,2.3,7.1,4.3,7.5,2.6,3.6,0.72,4.2,1.9,0.3,2.3,3.5,17.9,0.556,0.245,2,13.9,8,13.7,1.9,0.5,12.3
Carl Landry,Inactive,PF,0.535,8.1,9.3,17.4,0,0.1,9.3,17.3,6.1,7.7,0.785,1.6,1,0.9,2.7,5.4,24.8,0.595,0.444,9.9,15.1,12.5,5.3,1,1.3,11.5
Carlos Boozer,Inactive,PF,0.521,7.9,11.4,21.9,0,0,11.4,21.9,4.5,6.2,0.722,3.8,1.5,0.7,3.6,5.1,27.3,0.554,0.281,8.8,26.6,17.7,13.2,1.5,1,12.6
Carlos Delfino,Inactive,SF,0.401,16.9,6.7,16.7,3.1,8.4,3.6,8.3,2.2,3,0.758,4,2.1,0.4,2.3,3.8,18.7,0.52,0.177,2.9,15.5,9.1,12.1,2.1,0.6,11.4
Carmelo Anthony,Active,SF,0.452,12.4,12.4,27.5,1.7,4.9,10.7,22.6,8.3,10.2,0.813,4.4,1.5,0.7,3.9,4.1,34.9,0.544,0.371,5.6,15.1,10.4,16.2,1.5,1,10.9
Caron Butler,Inactive,SF,0.434,13.9,8.6,19.7,1.4,4,7.2,15.7,4.6,5.5,0.847,3.7,2.2,0.4,3,4,23.1,0.523,0.278,4.4,13.6,9,12.3,2.2,0.6,11.8
Cartier Martin,Inactive,SF,0.392,18.4,6.6,16.8,3.3,9,3.2,7.8,2.3,3.2,0.729,1.9,1.5,0.4,2,4.9,18.8,0.517,0.189,3,12.9,7.9,5.7,1.5,0.6,9.7
Chandler Parsons,Active,SF,0.466,13.3,8.2,17.6,2.5,6.8,5.7,10.8,2.5,3.5,0.711,4.6,1.6,0.6,2.5,3.2,21.4,0.56,0.198,3.2,13.5,8.4,14.5,1.6,0.9,11.4
Channing Frye,Active,PF,0.44,17.3,7.7,17.4,2.7,6.9,5,10.5,2.3,2.8,0.822,2.2,1.2,1.4,2.1,5.9,20.3,0.545,0.163,4.7,18.6,11.7,6.8,1.2,2.1,10
Charles Jenkins,Inactive,PG,0.434,14.4,7,16,0.2,0.9,6.8,15.1,1.8,2.4,0.754,8.3,1.9,0.3,3.1,4.2,15.8,0.465,0.148,1.4,7.1,4.2,24.9,1.9,0.5,15.6
Charlie Villanueva,Inactive,PF,0.435,13.7,10.3,23.6,2.8,8.1,7.5,15.5,3.1,4,0.772,2.1,1.3,1.4,2.5,5.6,26.4,0.52,0.167,6.7,20.1,13.2,7.2,1.3,2.1,9
Chase Budinger,Inactive,SF,0.43,14.9,7.6,17.6,2.6,7.5,4.9,10.1,2.6,3.3,0.797,3,1.4,0.4,2,3.1,20.3,0.534,0.185,3.3,14.5,8.8,9.4,1.4,0.6,9.4
Chauncey Billups,Inactive,PG,0.42,16.8,7.6,18.4,3,7.6,4.7,10.8,7.2,8.1,0.894,9.1,1.7,0.3,3.4,3.5,25.5,0.58,0.441,1.7,8.9,5.3,28.1,1.7,0.4,13.6
Chris Andersen,Active,C,0.532,5,5.7,10.7,0.1,0.3,5.6,10.4,4.5,6.9,0.654,1.4,1.3,4.2,2.2,5.7,15.9,0.581,0.65,11.3,22.1,16.7,4.4,1.3,6.3,13.7
Chris Bosh,Inactive,C,0.494,10.8,10.2,20.7,0.5,1.5,9.7,19.2,7.4,9.2,0.799,3,1.2,1.5,3,3.6,28.3,0.571,0.444,7.2,20.7,14.1,9.9,1.2,2.3,10.7
Chris Copeland,Inactive,PF,0.427,15.7,9.1,21.3,3.8,10.5,5.3,10.8,2.8,3.7,0.752,2.7,0.8,0.7,3.2,5.9,24.7,0.54,0.174,3.5,11.2,7.3,8.6,0.8,1.1,12.3
Chris Douglas-Roberts,Inactive,SF,0.439,10.7,6.9,15.7,1,3.1,5.9,12.7,4.1,4.9,0.831,3.1,1.5,0.7,2.4,3.4,18.9,0.528,0.312,2.1,10.5,6.2,9.8,1.5,1,11.8
Chris Duhon,Inactive,PG,0.393,16.4,4.5,11.4,2.1,5.9,2.3,5.5,2,2.5,0.784,8.9,1.6,0.1,3.1,3.2,13,0.523,0.219,1.4,8.5,5,25.7,1.6,0.2,19.7
Chris Johnson,Inactive,C,0.562,6.3,6.8,12.1,0,0,6.8,12.1,4.5,6.5,0.699,1.1,1.4,4.1,3.4,9.1,18.1,0.606,0.533,9,17.1,13,3.6,1.4,6,18.3
Chris Johnson,Inactive,SF,0.392,16.6,5.3,13.4,2.4,7.8,2.9,5.7,2,2.4,0.835,2.1,2,0.7,1.8,4.9,14.9,0.514,0.175,3.5,11.4,7.5,6.3,2,1.1,11.2
Chris Kaman,Inactive,C,0.489,7.2,9.1,18.7,0,0.1,9.1,18.6,3.6,4.8,0.743,2.4,0.9,2.5,4.1,5.2,21.8,0.525,0.257,8.8,23.8,16.4,8.3,0.9,3.6,16.5
Chris Paul,Active,PG,0.473,14.1,9.7,20.6,1.8,4.8,8,15.8,6.4,7.4,0.866,14.6,3.4,0.2,3.6,3.6,27.6,0.58,0.361,2.2,12.2,7.2,47.1,3.4,0.2,13.1
Chris Quinn,Inactive,PG,0.399,17.6,6.1,15.4,2.6,6.9,3.5,8.5,2.7,3.4,0.809,7.3,1.6,0.1,2.2,4,17.6,0.521,0.219,1.1,8.6,4.8,22.2,1.6,0.2,11.6
Chris Singleton,Inactive,SF,0.376,14.9,4.6,12.4,1.2,3.6,3.5,8.7,1.8,2.8,0.633,1.8,2.3,1.1,2,6.5,12.2,0.449,0.224,4.8,15.7,10.2,5.3,2.3,1.7,12.8
Chris Wilcox,Inactive,C,0.541,4.7,8.8,16.3,0,0.1,8.8,16.2,4,6.2,0.643,1.9,1.3,1,3,6.3,21.6,0.568,0.38,9,19.8,14.4,6.2,1.3,1.5,13.5
Chuck Hayes,Inactive,C,0.498,3.1,4.6,9.2,0,0.1,4.6,9.2,1.4,2.2,0.62,3.4,2.1,1,2,6.5,10.6,0.518,0.242,10.8,20.6,15.7,9.7,2.1,1.5,16.5
Cleanthony Early,Inactive,SF,0.346,14.8,5.8,16.6,1.7,6.5,4.1,10.1,2.6,3.4,0.75,2.7,1.7,1,3.2,4.8,15.8,0.435,0.205,3.6,14.1,8.8,8.5,1.7,1.5,15
Clint Capela,Active,C,0.614,1.9,9.5,15.4,0,0,9.5,15.4,2.8,6.4,0.433,1.7,1.5,2.8,2.4,6,21.7,0.595,0.416,13.4,23.8,18.6,5.9,1.5,4.7,11.5
Cody Zeller,Active,C,0.5,6.5,6.6,13.2,0,0.1,6.6,13.1,4.6,6.3,0.734,2.9,1.5,1.7,2.2,5.7,17.8,0.558,0.478,8.3,19,13.6,9,1.5,2.7,12.3
Cole Aldrich,Active,C,0.531,3.7,6.6,12.5,0,0,6.6,12.5,2.7,3.7,0.748,2.8,2.1,3.6,3,7.7,16,0.567,0.294,11.2,27,19.1,8.6,2.1,5.6,17.8
Corey Brewer,Active,SF,0.424,12,7.3,17.3,1.3,4.8,6,12.5,3.3,4.7,0.713,3.4,2.7,0.6,2.6,4.6,19.3,0.499,0.27,3.5,10,6.7,10.4,2.7,0.9,11.8
Corey Maggette,Inactive,SF,0.452,12.4,9,19.9,1,3.2,8,16.8,10.2,12.4,0.822,3.8,1.3,0.3,4.2,5.2,29.3,0.577,0.624,4.5,15.2,9.9,12.8,1.3,0.4,14.1
Cory Higgins,Inactive,PG,0.324,12.3,6.7,20.7,0.6,2.9,6.1,17.8,5,7.2,0.694,4.7,0.9,0.7,4.5,5.2,19,0.398,0.346,1.9,7.8,4.8,16,0.9,1,15.9
Cory Jefferson,Inactive,PF,0.444,9,7.4,16.7,0.2,1.4,7.3,15.3,3.1,5.3,0.583,1.4,0.9,1.9,1.8,6.1,18.2,0.476,0.317,10.2,20.8,15.5,4.4,0.9,3,8.5
Cory Joseph,Active,PG,0.458,11.4,6.9,15.2,0.8,2.6,6.1,12.5,3.2,4.1,0.768,6.5,1.7,0.5,2.5,3.6,17.9,0.527,0.273,3,10.1,6.6,19.3,1.7,0.8,13
Courtney Lee,Active,SG,0.451,15,6.9,15.4,2,5.2,4.9,10.2,2.3,2.7,0.848,3.1,1.9,0.5,1.8,3.2,18.1,0.548,0.175,1.9,9.1,5.5,9.4,1.9,0.8,9.8
Cristiano Felicio,Active,C,0.571,4.9,6.2,10.8,0,0.1,6.2,10.7,3.1,4.7,0.664,2.4,1.1,1.1,1.7,5.2,15.6,0.603,0.437,12.1,20.4,16.3,7.2,1.1,1.7,11.6
D.J. Augustin,Active,PG,0.402,15.6,6.9,17.1,2.7,7.3,4.2,9.8,4.7,5.5,0.862,8.5,1.3,0.1,3.3,3.3,21.2,0.542,0.318,1.3,7.4,4.3,26.9,1.3,0.1,14.5
D.J. White,Inactive,PF,0.507,11.2,8.7,17.1,0,0.1,8.6,17,2.8,3.9,0.72,2,1,1.4,1.6,5,20.2,0.536,0.229,6.4,17.9,12.1,7,1,2.1,7.9
D'Angelo Russell,Active,PG,0.408,16.1,9,22.2,3.2,9.2,5.8,13,3.5,4.6,0.759,6.9,2.2,0.4,4.5,3.3,24.8,0.512,0.207,2,11.5,6.6,23.7,2.2,0.6,15.8
Daequan Cook,Inactive,SG,0.369,20.6,6.7,18.1,3.9,10.9,2.8,7.3,1.4,1.7,0.813,2.1,1.1,0.4,1.6,4.2,18.6,0.494,0.093,1.5,12.2,6.9,6.6,1.1,0.6,7.6
Dahntay Jones,Active,SF,0.439,10.9,6.3,14.4,0.6,1.7,5.8,12.7,4.4,5.9,0.751,2.8,1.4,0.8,2.7,6.3,17.7,0.519,0.408,3,9.6,6.3,8.6,1.4,1.1,13.6
DaJuan Summers,Inactive,SF,0.384,14.7,6.8,17.7,1.9,5.2,4.9,12.5,2.8,4.4,0.642,1.9,1.2,0.5,2.4,6.9,18.4,0.467,0.25,3.4,8.9,6,5.7,1.2,0.8,11.1
Damian Lillard,Active,PG,0.43,15.3,10.5,24.4,3.7,9.9,6.8,14.4,6.7,7.6,0.877,8.6,1.3,0.4,3.9,3,31.3,0.565,0.312,1.7,10.5,6.1,29,1.3,0.6,12.2
Damien Wilkins,Inactive,SF,0.427,12.8,6.4,14.9,1,2.9,5.4,12,3.4,4.3,0.783,3.8,2.1,0.6,2.5,4.5,17.1,0.508,0.29,4.6,9.8,7.2,11.2,2.1,0.9,12.9
Damjan Rudez,Active,SF,0.424,21,5.4,12.8,3.3,8.8,2.1,4,0.7,1,0.774,2.6,1,0.2,2.1,4.4,14.9,0.563,0.075,1.2,5,3.1,7.8,1,0.3,13.9
Daniel Gibson,Inactive,PG,0.402,19,6,15,3.3,8,2.8,6.9,2.3,3,0.78,4.4,1.4,0.5,2.1,4.6,17.6,0.542,0.197,1.8,8.2,4.9,13.3,1.4,0.7,11.5
Daniel Orton,Inactive,C,0.485,5.1,4.7,9.6,0,0.1,4.7,9.6,4,6.7,0.597,2.2,1.7,2.6,2.7,7.6,13.4,0.531,0.699,10,16.2,13,6.5,1.7,4.1,17.7
Danilo Gallinari,Active,SF,0.42,16.4,7.4,17.7,2.9,7.9,4.5,9.8,6.9,8,0.863,3.2,1.3,0.7,2.1,3.1,24.7,0.582,0.454,2.8,14.1,8.4,9.5,1.3,1.1,9.1
Danny Granger,Inactive,SF,0.434,15.2,9.2,21.1,2.8,7.3,6.4,13.9,6,7.1,0.848,3,1.5,1.3,3,4.5,27.2,0.56,0.336,4.1,13.4,8.7,10.3,1.5,1.9,11.1
Danny Green,Active,SG,0.423,18.4,6.4,15.1,3.7,9.2,2.7,5.8,1.6,2,0.821,3.3,2.1,1.6,2.1,3.4,18.1,0.567,0.131,2.6,12.6,7.8,9.3,2.1,2.4,11.8
Dante Cunningham,Active,PF,0.471,13.4,6.4,13.5,0.5,1.6,5.8,11.9,1.4,2.1,0.65,1.7,1.6,1.2,1.2,4.3,14.6,0.506,0.155,6.1,14.2,10.1,5.1,1.6,1.9,7.9
Dante Exum,Active,PG,0.385,15.8,5.2,13.5,2.2,7.2,3,6.3,1.4,1.8,0.743,5.4,1.1,0.5,3.4,5.1,14,0.488,0.135,2.2,7.7,5,15.6,1.1,0.7,19.4
Dario Saric,Active,PF,0.411,14.2,8.7,21.2,2.4,7.8,6.3,13.4,3.9,5,0.782,4.2,1.3,0.7,4.2,3.7,23.8,0.508,0.237,5.8,20.8,13.3,14.3,1.3,1.1,15.2
Darius Miller,Inactive,SF,0.42,18,4.3,10.2,1.7,4.9,2.6,5.3,1.3,1.6,0.841,3.2,1.5,0.8,1.7,6.7,11.6,0.533,0.157,1.3,9.4,5.3,8.9,1.5,1.2,13.3
Darius Morris,Inactive,PG,0.384,13.1,5.8,15.1,1.6,5.1,4.1,10,1.8,2.8,0.63,6.6,1.6,0.1,3.9,4.4,15,0.46,0.188,3.1,6.4,4.8,19.7,1.6,0.1,19.3
Darko Milicic,Inactive,C,0.46,6.1,7.2,15.6,0,0,7.2,15.6,2.5,4.4,0.574,2.4,1.2,3.7,3.4,6.4,16.9,0.481,0.282,8.4,18.2,13.3,7.7,1.2,5.5,16.4
Darrell Arthur,Active,PF,0.444,13.1,7.9,17.8,0.9,2.5,7,15.3,2.1,2.7,0.766,2.3,1.8,1.8,2.4,7.1,18.8,0.494,0.152,7.1,16,11.5,7.2,1.7,2.7,11.1
Darren Collison,Active,PG,0.469,13,8.1,17.2,1.4,3.7,6.7,13.5,4.3,5,0.852,8.3,1.9,0.2,3.6,2.9,21.8,0.562,0.291,1.8,8.1,5,26.1,1.9,0.4,15.5
Darrun Hilliard,Active,SG,0.385,16.3,6.5,17,2,6.3,4.5,10.6,3.3,4.5,0.735,4,1.3,0.2,3.1,4.4,18.4,0.486,0.265,1,10.5,5.6,11.6,1.3,0.3,14.1
David Lee,Active,PF,0.535,6.4,9.6,18,0,0.1,9.6,17.9,4.3,5.6,0.772,3.8,1.3,0.7,3.1,4.6,23.6,0.577,0.311,9.9,24,17,12.6,1.3,1,13
David West,Active,PF,0.493,10,10.3,20.9,0.1,0.4,10.2,20.5,4.7,5.8,0.818,4,1.3,1.5,3,4.3,25.4,0.542,0.275,7.1,19,13.1,13.3,1.3,2.2,11.2
Davis Bertans,Active,PF,0.44,20.4,6.5,14.8,4.4,10.9,2.1,3.8,1.8,2.1,0.824,2.9,1.3,1.8,2,4.7,19.1,0.609,0.145,3.2,10.4,6.9,8.3,1.3,2.8,11.4
DeAndre Jordan,Active,C,0.677,1.8,6.8,10.1,0,0,6.8,10.1,3.2,7.5,0.43,1.2,1.1,3.3,2.3,5,16.9,0.631,0.744,13.1,28.2,20.8,3.6,1.1,5.2,14.8
DeAndre Liggins,Active,SG,0.414,11.3,3.8,9.2,1,3,2.8,6.3,1.8,3.3,0.558,3.2,3,0.7,2.8,5.1,10.5,0.492,0.358,3.9,12.5,8.4,8.5,3,1.1,21
DeJuan Blair,Inactive,PF,0.524,4.6,9.1,17.4,0,0.1,9.1,17.3,2.8,4.6,0.608,2.6,2.3,0.9,3.4,7.3,21,0.541,0.264,13.6,21.6,17.7,7.8,2.3,1.3,15.1
Delon Wright,Active,PG,0.434,9.4,6.4,14.8,1.1,3.3,5.3,11.6,5.1,6.8,0.756,6.7,2.6,1.1,3.1,2.9,19.1,0.537,0.459,4.1,10.2,7.2,19.7,2.6,1.8,14.8
DeMar DeRozan,Active,SG,0.446,12.3,10.5,23.4,0.6,2.2,9.8,21.3,7.9,9.5,0.828,4.3,1.5,0.4,2.9,3.5,29.4,0.533,0.408,2.6,11.3,7,14.7,1.5,0.6,9.6
DeMarcus Cousins,Active,C,0.459,8.8,11.9,26,0.7,2.1,11.3,23.9,8.7,11.8,0.736,4.7,2.2,1.9,5.4,6.1,33.3,0.533,0.455,10.1,28,19,17.4,2.2,2.9,14.8
DeMarre Carroll,Active,SF,0.443,14.5,6.6,15,2.2,6,4.5,9,2.6,3.5,0.728,2.5,2.3,0.6,1.6,4.4,18,0.544,0.237,5.7,13.2,9.5,7.6,2.3,0.9,9
Dennis Schroder,Active,PG,0.433,11.9,9.8,22.7,1.9,5.8,7.9,16.9,4.3,5.3,0.818,10,1.7,0.2,5.2,3.7,25.8,0.517,0.231,1.8,10,6,34.1,1.7,0.4,17.2
Denzel Valentine,Active,SG,0.354,20.7,5.3,14.9,3.8,10.7,1.5,4.1,0.7,0.9,0.778,3.3,1.5,0.4,2.5,4.4,15,0.492,0.063,1.2,15.6,8.3,9.3,1.5,0.6,14.2
DeQuan Jones,Inactive,SF,0.436,10.4,6.2,14.1,0.6,2.3,5.6,11.9,2.2,3.3,0.667,1,1.2,1.4,1.9,3.6,15.1,0.485,0.234,2.4,12.4,7.4,3,1.2,2.1,11.1
Derek Fisher,Inactive,PG,0.401,17.7,5.9,14.7,2,5.3,3.9,9.5,3.2,3.9,0.817,6,2.1,0.2,2.3,4.2,16.9,0.514,0.266,1.4,7.6,4.6,17.4,2.1,0.2,12.4
Deron Williams,Active,PG,0.445,14.3,8.8,19.9,2.1,6,6.7,13.9,5.2,6.3,0.822,12.4,1.6,0.4,4.4,3.9,25,0.552,0.319,1.4,9.3,5.4,39.5,1.6,0.6,16.1
Derrick Favors,Active,PF,0.51,6.6,9.4,18.5,0,0.1,9.4,18.4,4.6,6.9,0.664,2.2,1.7,2.7,3.1,5.7,23.4,0.545,0.372,10.9,21.5,16.2,7.3,1.7,4.1,12.6
Derrick Rose,Active,PG,0.451,11.5,11.3,25.1,1.2,3.9,10.1,21.2,5.3,6.4,0.82,8.9,1.2,0.5,4.2,2.1,29,0.521,0.257,3,8.8,5.9,30.8,1.2,0.8,13.2
Derrick Williams,Active,PF,0.434,11.9,7.7,17.6,1.4,4.8,6.2,12.8,5.2,7.3,0.71,1.7,1.1,0.6,2.3,3.1,21.9,0.526,0.414,4.4,17,10.7,5.4,1.1,0.9,9.9
DeSagana Diop,Inactive,C,0.427,6.1,3.2,7.5,0,0,3.2,7.4,1.1,2.4,0.467,1.7,1.4,4,2.2,7.7,7.5,0.441,0.324,11.8,19.2,15.5,4.8,1.4,5.7,20.9
DeShawn Stevenson,Inactive,SG,0.406,15.3,6.4,15.9,1.6,4.7,4.9,11.2,2.6,3.7,0.698,3.9,1.2,0.4,2.3,3.3,17.1,0.487,0.235,2.6,9.2,5.9,11.9,1.2,0.6,11.8
Devin Booker,Active,SG,0.423,14.7,9.7,22.9,2.5,6.9,7.2,16,5.8,6.9,0.835,4.7,1.2,0.4,4,4.7,27.7,0.533,0.303,1.6,8.4,4.9,16.1,1.2,0.7,13.3
Devin Ebanks,Inactive,SG,0.385,11.9,6,15.7,0.6,2.7,5.5,13,3.8,5.3,0.722,1.8,1.3,0.9,2.6,4.1,16.5,0.458,0.338,8.3,10.7,9.6,5.2,1.3,1.2,12.5
Devin Harris,Active,PG,0.436,12.8,7.7,17.7,1.7,5.2,6,12.5,6.2,7.8,0.796,8.8,2.2,0.4,3.8,4.6,23.3,0.551,0.441,1.4,8.9,5.1,27.6,2.2,0.6,15.2
Devyn Marble,Inactive,SG,0.304,15.3,3.9,12.7,1.3,6,2.5,6.7,1.7,4.4,0.375,3.2,2.4,0.3,1.8,4.3,10.7,0.366,0.348,2.6,14.4,8.4,8.8,2.4,0.5,10.8
Dewayne Dedmon,Active,C,0.571,3.8,6,10.6,0,0,6,10.5,2.7,4.1,0.668,1.1,1.3,2.8,2.5,7.7,14.8,0.599,0.389,12.1,27.3,19.7,3.2,1.3,4.4,16.9
Dexter Pittman,Inactive,C,0.45,4.3,7.4,16.6,0,0,7.4,16.6,2.7,5,0.545,1.4,1.2,1.2,3.3,12.6,17.6,0.47,0.303,13.4,16.9,15.3,4.2,1.2,1.9,15.1
Diante Garrett,Inactive,PG,0.373,14.9,5.1,13.7,1.7,4.9,3.4,8.9,0.7,1,0.682,6.6,2.2,0.2,4,3.5,12.6,0.445,0.07,1.5,9.5,5.4,19.3,2.2,0.3,21.9
Dion Waiters,Active,SG,0.413,13.5,9.1,21.9,2.1,6.1,6.9,15.8,3.4,4.8,0.698,4.8,1.8,0.5,3.2,3.5,23.6,0.491,0.219,1.7,8.6,5.2,15.7,1.8,0.7,11.9
Dirk Nowitzki,Active,PF,0.475,15,11.4,24.2,1.9,5,9.5,19.2,7.6,8.6,0.879,3.7,1.2,1.3,2.6,3.6,32.4,0.578,0.358,3.4,21.8,12.7,12.8,1.2,1.9,8.5
Domantas Sabonis,Active,PF,0.399,12.7,5.8,14.5,1.5,4.8,4.2,9.7,1.3,2,0.657,2.5,1.2,1,2.5,6,14.4,0.469,0.139,3.1,16.4,9.8,7.2,1.2,1.6,14
Dominic McGuire,Inactive,SF,0.419,9.2,3.8,9.2,0,0.2,3.8,9,1.6,2.4,0.658,4.2,1.5,1.8,2.4,4.9,9.3,0.454,0.262,7.4,18.4,12.8,11.5,1.5,2.8,19
Dominique Jones,Inactive,SG,0.366,8.1,5.8,15.9,0.1,1.5,5.7,14.4,5.5,7.5,0.729,10.1,2,0.7,5.3,4.5,17.2,0.449,0.471,5.1,12.1,8.7,29.2,2,1.1,21.7
Donald Sloan,Inactive,PG,0.409,12.8,6.2,15.1,1.3,4.3,4.8,10.7,2.6,3.5,0.754,8.9,1.1,0.1,3.2,2.6,16.3,0.491,0.233,1.6,12.1,6.8,27.1,1.1,0.2,16
Donatas Motiejunas,Active,PF,0.469,10.4,7.9,16.9,1.3,4.4,6.6,12.5,2.7,4.5,0.6,2.9,1.3,0.9,3.1,5.8,19.9,0.526,0.267,7.3,15.6,11.5,9.6,1.3,1.4,14.1
Dorell Wright,Inactive,SF,0.424,16.3,7,16.6,2.6,7.2,4.4,9.4,2.8,3.5,0.806,3.6,1.8,1.1,2,3.3,19.5,0.538,0.211,3.5,16,9.7,10.8,1.8,1.7,10
Dorian Finney-Smith,Active,PF,0.372,16.6,3.9,10.6,1.8,6.1,2.2,4.5,1.5,1.9,0.754,2.1,1.6,0.8,1.4,4,11.1,0.486,0.183,3.7,12.4,7.9,6,1.6,1.4,11.1
Doron Lamb,Inactive,SG,0.381,16.3,5,13,2,5.1,2.9,7.9,2,2.8,0.7,3,1,0,2.1,4.3,13.9,0.488,0.217,1.4,7,4.2,8.8,1,0.1,13
Doug McDermott,Active,SF,0.446,14.9,7.6,17,2.7,6.9,4.8,10.1,2.1,2.5,0.836,1.7,0.4,0.2,1.5,3.2,19.9,0.551,0.147,1.8,10.2,6,5.2,0.4,0.2,7.5
Dragan Bender,Active,PF,0.354,18.3,4.8,13.4,2.3,8.4,2.4,5,0.3,0.9,0.364,1.9,0.8,1.8,2.7,6.2,12.2,0.44,0.068,4.2,15.6,9.7,5.5,0.8,3.1,16.2
Draymond Green,Active,PF,0.435,12.6,5.9,13.6,1.7,5,4.2,8.6,2.9,4.2,0.695,7.5,2.5,1.9,3.3,5.1,16.4,0.531,0.312,5.2,21.5,13.7,20.5,2.5,3,17.6
Drew Gooden,Inactive,PF,0.462,9.5,8.9,19.4,0.2,0.9,8.7,18.5,4.4,5.8,0.76,2.3,1.4,1.2,3,5.1,22.6,0.514,0.301,10.6,21.7,16.1,7.6,1.4,1.8,12.1
Dwight Howard,Active,C,0.585,3.5,9.3,15.9,0,0.1,9.3,15.8,7.2,12.8,0.566,2.2,1.4,3,4.4,4.8,25.8,0.6,0.806,12,29.3,20.8,7.5,1.4,4.4,17
Dwight Powell,Active,PF,0.501,9.7,7.5,14.9,0.5,2,6.9,12.8,4.8,6.3,0.75,2,2.1,1.4,1.7,5.9,20.2,0.572,0.427,8.4,19.6,13.9,6.4,2.1,2.3,8.8
Dwyane Wade,Active,SG,0.484,10.4,12.6,26.1,0.7,2.5,11.9,23.6,8.8,11.5,0.768,8.4,2.4,1.3,4.9,3.4,34.8,0.559,0.441,4.3,11.6,8,31,2.5,2,13.7
E'Twaun Moore,Active,SG,0.435,14.6,7.2,16.5,2,5.4,5.2,11.1,1.4,1.9,0.749,4.6,1.6,0.7,2.2,3.9,17.8,0.512,0.114,2.3,8,5.1,14.3,1.6,1,11.3
Earl Barron,Inactive,C,0.371,11.5,6.7,18.1,0.1,0.5,6.7,17.7,3.4,4.8,0.702,1.7,1.2,0.8,2.8,7.1,16.9,0.417,0.263,10.9,18.1,14.5,5.3,1.2,1.2,12.2
Earl Clark,Inactive,PF,0.403,13.8,6.4,16,1.2,3.6,5.3,12.4,2.1,3.2,0.664,1.9,1.2,1.9,2.5,4.6,16.2,0.465,0.201,6.2,17.9,12.1,5.7,1.2,2.9,12.5
Earl Watson,Inactive,PG,0.411,13.8,5.6,13.6,1.3,4.1,4.3,9.5,2.3,3.3,0.703,10.3,2.3,0.5,4.1,4.7,14.9,0.492,0.24,2.7,9,5.9,30.4,2.3,0.7,21.4
Ed Davis,Active,PF,0.562,4.5,7.1,12.5,0,0,7.1,12.5,2.8,5,0.568,2.1,1.3,2.3,1.9,6.1,16.9,0.575,0.397,12.3,22.7,17.4,6.3,1.3,3.6,11.7
Eddy Curry,Inactive,C,0.545,3.3,10.3,18.9,0,0,10.3,18.9,6.6,10.3,0.642,1.1,0.6,1.5,4.7,6.2,27.2,0.581,0.547,8.3,15.7,12,4.2,0.6,2.2,16.7
Ekpe Udoh,Inactive,C,0.429,7.2,4.6,10.7,0,0,4.6,10.7,2.9,4,0.72,2,1.4,3.6,2.1,6.4,12,0.484,0.37,8.6,12.5,10.5,5.6,1.4,5.4,14.6
Elfrid Payton,Active,PG,0.446,8.4,7.5,16.8,0.6,2,6.9,14.8,2.7,4.4,0.611,10.9,2.3,0.6,4,3.8,18.2,0.487,0.262,4.2,11.6,7.8,33.7,2.3,0.9,17.6
Elijah Millsap,Active,SG,0.327,13,4.4,13.4,1.4,4.9,3,8.5,3.4,5,0.679,3.7,3,0.9,3.7,7.5,13.6,0.434,0.373,3.8,15.8,9.9,10.6,3,1.4,19.1
Elliot Williams,Inactive,SG,0.421,13.1,6.5,15.3,1.8,5.8,4.7,9.5,3.2,4.9,0.669,3.1,1.5,0.2,2.6,5.3,18,0.515,0.317,2.7,9.5,6,9.8,1.5,0.3,13
Elton Brand,Inactive,PF,0.502,8.4,10,19.9,0,0,10,19.9,5.5,7.5,0.736,3.3,1.4,2.8,3.1,4.7,25.4,0.548,0.374,11,19,15,11.7,1.4,3.9,11.8
Emeka Okafor,Inactive,C,0.512,5.6,8.3,16.3,0,0,8.3,16.3,3.8,6.5,0.584,1.4,1.1,2.8,2.7,4.7,20.4,0.535,0.399,11.8,25.1,18.3,4.7,1.1,4.1,12.5
Emmanuel Mudiay,Active,PG,0.369,12.6,7.7,20.8,1.9,5.9,5.8,14.9,3.9,5.4,0.721,8.4,1.5,0.7,4.9,3.4,21.1,0.455,0.258,1.9,11.2,6.5,26.1,1.5,1.1,17.3
Enes Kanter,Active,C,0.53,6.4,11,20.8,0.2,0.6,10.9,20.3,5,6.5,0.768,1.5,0.9,1.1,3.7,5.1,27.2,0.575,0.31,14.1,21.4,17.8,5.1,0.9,1.6,13.5
Eric Bledsoe,Active,PG,0.444,12.5,8.5,19.1,1.6,4.8,6.9,14.3,5.7,7.2,0.8,8.5,2.6,0.9,5,3.7,24.3,0.546,0.376,3.4,12.4,7.9,27.3,2.6,1.4,18.4
Eric Gordon,Active,SG,0.431,15,8.7,20.1,3.2,8.4,5.5,11.7,4.9,6.1,0.816,4.9,1.5,0.5,3.3,3.1,25.4,0.559,0.301,1.5,7.2,4.3,15.7,1.5,0.8,12.6
Eric Maynor,Inactive,PG,0.392,14,5.8,14.9,1.5,4.2,4.4,10.7,2,2.8,0.721,10.1,1.5,0.3,3.7,3.9,15.1,0.47,0.185,2.1,8.2,5.2,29.5,1.5,0.4,18.8
Erick Green,Inactive,PG,0.377,17.2,7.3,19.4,1.7,5.8,5.7,13.6,1.3,1.6,0.857,4.7,1.4,0,1.6,3.3,17.6,0.439,0.08,2.4,6.7,4.5,14.7,1.4,0,7.2
Ersan Ilyasova,Active,PF,0.442,14,8.7,19.6,2.3,6.3,6.4,13.3,3.4,4.4,0.77,2.5,1.5,0.8,2.2,5.3,23,0.534,0.227,8.2,19.4,13.7,8,1.5,1.2,9.1
Evan Fournier,Active,SG,0.445,14.1,8.3,18.6,2.9,7.5,5.4,11.1,3.9,4.9,0.791,4.1,1.5,0.1,2.9,4.5,23.3,0.561,0.263,1.9,9,5.4,13,1.5,0.1,12.3
Evan Turner,Active,SF,0.431,12.1,7.6,17.7,0.7,2.5,6.9,15.2,3,3.8,0.782,6.6,1.5,0.4,3.5,3.7,19,0.49,0.215,2.3,17.6,9.8,20.4,1.5,0.7,15.2
Festus Ezeli,Inactive,C,0.513,3.9,5.7,11.1,0,0,5.7,11.1,3.4,6,0.557,1.3,1,3.4,2.8,6.8,14.7,0.536,0.543,13.8,18.9,16.5,3.7,1,5.3,16.7
Francisco Garcia,Inactive,SF,0.427,16.7,6.7,15.7,2.5,7,4.2,8.7,2.6,3.3,0.799,3.2,1.9,1.7,2.3,5.3,18.5,0.541,0.21,2.7,11,6.8,10,1.9,2.4,12
Frank Kaminsky,Active,C,0.403,14.1,7.3,18.2,2.5,7.6,4.8,10.6,3.1,4.2,0.743,3.6,1.2,1.1,1.8,3.6,20.3,0.507,0.229,3.7,16.5,10,11.4,1.2,1.8,8.4
Furkan Aldemir,Inactive,PF,0.513,5.9,3.7,7.2,0,0.5,3.7,6.8,1.2,2.5,0.481,2.6,1.6,1.5,1.6,8.9,8.6,0.517,0.346,14.9,20.7,17.7,8.3,1.6,2.4,15.9
Garrett Temple,Active,SG,0.401,16.2,5,12.5,1.9,5.6,3.1,6.9,2.1,2.9,0.716,4.5,2.3,0.7,2.5,4.8,14.1,0.51,0.235,2.5,9.8,6.1,13.1,2.3,1.2,15.1
Gary Harris,Active,SG,0.46,13.6,7.5,16.3,2.3,6.6,5.1,9.7,2.5,3.2,0.79,3.4,2.1,0.3,2.1,3.1,19.8,0.561,0.194,2.7,7.6,5.2,10.5,2.1,0.5,10.8
Gary Neal,Active,SG,0.422,17.4,8.7,20.6,3.1,8.2,5.6,12.4,3.1,3.7,0.85,3.9,1,0.1,2.5,3.6,23.7,0.532,0.179,1.2,10.2,5.8,12.4,1,0.1,10.1
George Hill,Active,PG,0.453,14.8,7.5,16.5,2.2,5.9,5.2,10.6,4,4.9,0.802,6,1.7,0.5,2.4,3.9,21.1,0.566,0.3,2.2,10.2,6.3,18.8,1.7,0.8,11.3
Gerald Green,Active,SF,0.42,16.9,9.2,22,3.4,9.3,5.9,12.7,3.5,4.3,0.814,2.6,1.3,0.8,3.1,4.9,25.3,0.53,0.194,2.9,11.3,7.1,8.5,1.3,1.1,11.4
Gerald Henderson,Active,SG,0.44,13.4,8.4,19.1,0.9,2.8,7.5,16.2,4.6,5.8,0.793,3.8,1.3,0.7,2.4,3.5,22.3,0.516,0.306,2.5,11.6,7,12.8,1.3,1,9.9
Gerald Wallace,Inactive,SF,0.469,8.7,7.5,16,0.9,2.8,6.6,13.2,5.3,7.5,0.709,3.7,2.6,1.5,3.2,3.9,21.2,0.549,0.469,5.3,17.9,11.5,11.7,2.6,2.1,14.1
Giannis Antetokounmpo,Active,SF,0.497,8.4,8.7,17.6,0.6,2.3,8.1,15.3,5.9,7.9,0.74,5.8,1.8,2.1,3.7,4.7,24,0.569,0.452,4.9,20,12.5,18.6,1.8,3.5,15
Glen Davis,Inactive,PF,0.447,9.7,7.8,17.4,0,0.3,7.7,17.2,4.2,6,0.7,2.2,1.7,0.8,2.6,6,19.9,0.494,0.345,8.2,15.9,12.1,6.9,1.7,1.3,11.3
Glenn Robinson,Active,SF,0.448,12.6,5.7,12.7,1.5,4.1,4.1,8.5,2.2,3.2,0.698,1.9,1.5,0.7,1.5,2.3,15.1,0.537,0.25,4.3,13.6,9,5.7,1.5,1.2,9.7
Goran Dragic,Active,PG,0.471,12.5,9.1,19.2,2,5.5,7.1,13.8,4.4,5.9,0.756,8.9,1.9,0.4,4.2,4.3,24.6,0.563,0.306,3.1,8.9,6,28.3,1.9,0.5,16.1
Gordon Hayward,Active,SF,0.444,14.3,8.9,20,2.2,6.1,6.6,13.9,6.3,7.7,0.82,5.7,1.7,0.7,3.5,3,26.3,0.563,0.387,2.7,12.8,7.7,18.7,1.7,1.1,12.9
Gorgui Dieng,Active,C,0.511,8.5,6.5,12.7,0.2,0.4,6.3,12.2,3.8,4.8,0.786,3.1,1.8,2.4,2.7,4.9,16.9,0.571,0.38,9.6,21.7,15.6,9.4,1.8,3.8,15.6
Grant Hill,Inactive,SF,0.492,10.9,9.6,19.8,0.3,1,9.2,18.7,6.4,8.3,0.769,6.4,1.9,0.9,3.7,3.6,25.8,0.551,0.419,4,16.6,10.5,21.9,1.9,1.2,13.7
Greg Monroe,Active,C,0.511,4.4,9.9,19.3,0,0,9.9,19.3,4.9,7,0.705,4,2,1.1,3.5,4.1,24.7,0.551,0.362,11.2,22.9,16.9,13.2,2,1.7,13.4
Greg Oden,Inactive,C,0.574,2.6,8.6,15,0,0,8.6,15,5.6,8.5,0.658,1.4,1.1,3.5,3.7,10.1,22.8,0.609,0.567,15.5,24.7,20.1,4.2,1.1,5.2,16.7
Greg Smith,Inactive,C,0.617,2.6,6.6,10.8,0,0,6.6,10.8,3,5.2,0.576,1.1,0.9,1.6,1.8,7.9,16.3,0.623,0.485,10.3,19.8,15.1,3.4,0.9,2.5,12
Greg Stiemsma,Inactive,C,0.509,8.6,4.6,9.1,0,0,4.6,9,1.8,2.5,0.705,1.7,2,4,2.4,8.8,11,0.54,0.276,7.2,18.7,12.9,4.8,2,6,19.4
Greivis Vasquez,Active,PG,0.418,14.5,7.7,18.3,2.3,6.6,5.4,11.8,2.3,2.9,0.817,10.7,1.3,0.2,4.2,4.3,19.9,0.509,0.157,1.5,11.1,6.3,33.5,1.3,0.3,17.6
Gustavo Ayon,Inactive,C,0.536,5.1,6.7,12.4,0,0,6.7,12.4,1.6,3.1,0.504,4.1,2.3,1.7,2.9,6.4,14.9,0.539,0.251,9.7,20.5,15.1,12.2,2.3,2.6,17.2
Hakim Warrick,Inactive,PF,0.49,8.3,8.7,17.7,0.1,0.5,8.6,17.2,6.7,9.2,0.726,2,1.1,0.8,3,4.7,24.2,0.555,0.522,7.5,15.8,11.6,6.4,1.1,1.1,12.3
Hamed Haddadi,Inactive,C,0.463,5.7,6.4,13.9,0,0.2,6.4,13.6,3.9,6.2,0.632,2.1,0.5,4.5,4.5,10.3,16.8,0.504,0.445,15,26.5,20.7,6.3,0.5,6.9,21.5
Harrison Barnes,Active,SF,0.453,12.9,7.7,17,1.6,4.3,6.1,12.7,3.2,4.1,0.776,2.5,1.2,0.3,1.8,3.1,20.2,0.537,0.241,4,13.4,8.8,7.5,1.2,0.5,8.8
Hasheem Thabeet,Inactive,C,0.567,3.1,4,7,0,0,4,7,2.6,4.5,0.578,0.6,1.3,4,2.7,9.9,10.5,0.587,0.642,10.3,18.9,14.7,1.6,1.3,6,23
Hassan Whiteside,Active,C,0.585,4.9,10.5,18,0,0,10.5,18,4.5,7.4,0.611,0.8,1.1,4.9,3.1,5,25.6,0.602,0.413,13.5,33.9,23.8,2.7,1.1,7.6,12.6
Hedo Turkoglu,Inactive,SF,0.426,15.5,7.5,17.6,2.4,6.3,5.1,11.3,4,5.2,0.784,5.5,1.5,0.6,3.1,4.7,21.5,0.54,0.293,2.8,13.9,8.5,17.3,1.5,0.8,13.4
Henry Sims,Inactive,C,0.471,9.1,7.9,16.8,0.1,0.5,7.8,16.3,4.3,5.6,0.767,2.7,1.5,1.3,3,5.7,20.2,0.525,0.336,10.2,18.9,14.4,9.7,1.5,2,13.5
Henry Walker,Inactive,SF,0.446,17.2,6.6,14.8,3.2,8.8,3.3,6,2,2.6,0.76,2.6,1.6,0.5,2.4,6.4,18.4,0.578,0.178,2.1,13.3,7.7,8,1.6,0.7,13.2
Hilton Armstrong,Inactive,C,0.501,5.6,5.5,10.9,0,0.1,5.4,10.8,2.9,5,0.582,1.6,1.4,2.2,3.6,8.6,13.9,0.529,0.456,10,16.6,13.2,4.5,1.4,3.3,21.7
Hollis Thompson,Active,SG,0.413,16.8,5.7,13.7,2.8,7.2,2.9,6.5,1.6,2.2,0.707,2.2,1.3,0.5,1.6,4.1,15.7,0.533,0.16,3.2,11,7,7.2,1.3,0.8,10
Ian Clark,Active,SG,0.456,15.1,8.1,17.8,2.6,7.2,5.5,10.6,2,2.5,0.796,4.3,1.7,0.6,2.8,4.2,20.9,0.552,0.143,2.3,9.2,5.9,12.5,1.7,1,13.1
Ian Mahinmi,Active,C,0.539,5.3,5.9,11,0,0,5.9,11,3.9,6.5,0.595,1.5,1.7,2.2,2.8,7.9,15.8,0.567,0.593,9.7,19.1,14.5,4.5,1.7,3.4,16.9
Iman Shumpert,Active,SG,0.396,16.5,5.6,14,2.1,6.1,3.5,7.9,1.8,2.4,0.764,3.9,2.4,0.5,2.5,4.9,15,0.498,0.169,3.4,12.1,7.7,11.3,2.4,0.8,14.2
Isaiah Canaan,Active,PG,0.368,18.8,6.6,18,4.1,11.6,2.5,6.3,3.3,4,0.828,3.9,1.5,0.3,2.6,3.6,20.6,0.522,0.222,1.5,8.5,4.9,12.9,1.5,0.4,11.6
Isaiah Thomas,Active,PG,0.443,14,10.3,23.3,3.3,9,7.1,14.4,8,9.2,0.876,8.6,1.6,0.2,3.9,3.6,32,0.585,0.393,2,7.6,4.8,29.7,1.6,0.3,12.5
Isaiah Whitehead,Active,PG,0.402,11.6,5.9,14.7,1.3,4.3,4.6,10.4,2.6,3.3,0.805,5.5,1.2,1,4.1,5,15.7,0.487,0.222,2.1,9.7,5.9,17.7,1.2,1.7,20.3
Ish Smith,Active,PG,0.411,10.4,7.8,18.9,0.8,2.8,7,16.1,1.9,2.9,0.66,10.3,2,0.6,3.6,3.2,18.2,0.453,0.152,2,12.1,7,33.3,2,1,15.1
Ivan Johnson,Inactive,PF,0.517,8.3,8.7,16.8,0.1,0.5,8.6,16.3,4.1,6.2,0.662,2.1,2.6,0.9,3.7,6.6,21.5,0.551,0.366,8.4,20.4,14.5,6.6,2.6,1.2,16
J.J. Barea,Active,PG,0.423,13.2,8.7,20.6,2.4,6.9,6.3,13.7,3,3.7,0.799,9.6,1,0.1,3.9,3.9,22.8,0.513,0.18,1.8,10,5.9,30.8,1,0.1,14.8
J.J. Hickson,Inactive,C,0.505,6,8.8,17.5,0,0.1,8.8,17.4,4.2,6.9,0.617,1.9,1.2,1.3,3.3,4.4,21.9,0.534,0.393,11,23.7,17.3,6.4,1.2,2,14
J.J. Redick,Active,SG,0.447,19.2,8.3,18.5,3.8,9.2,4.5,9.3,4.3,4.8,0.888,3.8,1,0.2,2.2,3.1,24.6,0.597,0.259,0.9,7.8,4.4,12.1,1,0.2,9.5
J.R. Smith,Active,SG,0.42,17.7,8.9,21.2,3.9,10.3,5.1,10.9,3.1,4.2,0.733,4.2,1.9,0.4,2.7,4.4,24.8,0.537,0.197,2.3,11.4,6.8,13.6,1.9,0.6,10.3
Jabari Parker,Active,PF,0.491,9,10.1,20.6,0.8,2.4,9.3,18.2,4,5.3,0.748,3.3,1.6,0.6,2.7,3.2,25.1,0.546,0.259,6,13.9,10,10.9,1.6,1,10.4
Jae Crowder,Active,SF,0.435,16.3,6.7,15.4,2.5,7.3,4.2,8,3.2,4.1,0.785,3,2.2,0.7,1.7,4.1,19.1,0.557,0.267,3.4,14.8,9.1,9,2.2,1.1,9
Jahlil Okafor,Active,C,0.51,6.2,11.5,22.5,0,0.1,11.4,22.4,4.3,6.3,0.679,2.2,0.8,2,3.9,4.7,27.2,0.539,0.281,8,16.8,12.3,8.5,0.8,3.1,13.3
JaKarr Sampson,Inactive,SF,0.431,10.1,6.2,14.4,1,4.1,5.2,10.3,3.1,4.7,0.662,2.7,1.3,1.3,3.2,6,16.5,0.501,0.326,3.7,13.4,8.4,9.1,1.3,2,16.1
Jakob Poeltl,Active,C,0.583,2.6,5.4,9.3,0,0,5.4,9.3,2.5,4.6,0.544,1,1.4,1.6,2.3,9.1,13.4,0.589,0.496,14.1,15.7,14.9,2.7,1.4,2.8,17.2
Jamaal Tinsley,Inactive,PG,0.393,14.1,6.4,16.3,1.4,4.8,5,11.5,2.7,3.7,0.716,12.1,2.8,0.6,5,4.7,16.9,0.471,0.23,2.8,10,6.4,37.8,2.8,0.8,21.8
Jamal Crawford,Active,SG,0.41,17,9,21.9,2.9,8.4,6.1,13.5,5,5.8,0.861,5.9,1.6,0.4,3.3,2.7,26,0.53,0.266,1.4,7.4,4.4,19.5,1.6,0.5,11.8
Jamal Murray,Active,SG,0.404,16.5,8.2,20.2,3.2,9.5,5,10.7,2.9,3.3,0.883,4.7,1.4,0.7,3.1,3.4,22.5,0.518,0.164,2.6,10.7,6.7,14,1.4,1.1,12.6
Jameer Nelson,Active,PG,0.437,15.5,8.1,18.6,2.4,6.6,5.7,12,2.6,3.2,0.81,9.5,1.6,0.1,3.9,4.7,21.3,0.533,0.174,2.1,10,6.1,30.4,1.6,0.2,16.2
James Anderson,Inactive,SG,0.411,15.1,6,14.5,2.2,7,3.7,7.6,2,2.7,0.755,3.3,1.4,0.6,2.5,3.3,16.2,0.516,0.183,2.7,11.7,7.1,10,1.4,1,13.5
James Ennis,Active,SF,0.442,13.3,5.4,12.3,2,5.2,3.5,7.1,3.4,4.3,0.798,2.4,1.6,0.7,2.1,5.1,16.3,0.573,0.349,5.6,13.7,9.6,7.2,1.6,1.3,13
James Harden,Active,SG,0.442,14.6,9.7,21.9,3.3,9.2,6.3,12.7,10.2,12,0.854,8.5,2.2,0.7,5,3.8,32.9,0.606,0.547,2.6,13.9,8.4,29.1,2.2,1,15.5
James Johnson,Active,SF,0.477,10.2,7.9,16.5,1,3.4,6.8,13,3.1,4.4,0.693,4.8,2,2.6,3.7,5.7,19.8,0.537,0.269,5,15,10,14.8,2,3.9,16.7
James Jones,Active,SF,0.401,21.4,5.7,14.2,3.7,9.1,2,5,2.5,3,0.84,1.7,1.1,1,1.1,4.4,17.5,0.566,0.21,2.4,10.7,6.7,5,1.1,1.5,6.6
James Michael McAdoo,Active,PF,0.535,4.5,7.4,13.8,0.2,0.6,7.2,13.3,3.4,6.5,0.526,2.1,1.9,2.6,2.3,6,18.4,0.551,0.473,10.6,12.9,11.8,5.9,1.9,4.1,12.2
James White,Inactive,SF,0.438,13.6,6.5,14.9,1.6,4.6,5,10.3,2.1,3.1,0.676,3.2,1.6,0.6,2.3,4.9,16.7,0.514,0.21,1.6,12.3,6.9,9.5,1.6,0.8,12.4
James Young,Active,SG,0.367,19.6,4.8,12.9,2.3,8.4,2.4,4.6,1.5,2.8,0.548,1.7,1.6,0.3,0.9,3.6,13.3,0.471,0.214,2.7,11,6.8,4.8,1.6,0.5,6.1
JaMychal Green,Active,PF,0.487,9.9,7.1,14.5,1,2.7,6.1,11.8,3.4,4.4,0.78,2.2,1.4,1,2.7,6.4,18.6,0.563,0.301,9.7,20.3,14.8,6.8,1.4,1.8,13.9
Jan Vesely,Inactive,PF,0.521,4.5,5.5,10.6,0,0,5.5,10.5,1.3,3.3,0.408,2,2.2,1.8,2.6,8.1,12.4,0.514,0.311,10.2,15.6,12.9,6,2.2,2.7,17.6
Jannero Pargo,Inactive,PG,0.391,18.2,8.7,22.2,2.8,7.9,5.8,14.2,2.3,2.6,0.864,7,1.8,0.2,4,4.6,22.4,0.481,0.118,1.7,9.1,5.4,22.5,1.8,0.3,14.5
Jared Cunningham,Inactive,SG,0.347,13.1,5.1,14.6,1.6,5.2,3.5,9.4,4.9,7.3,0.674,3.3,1.8,0.2,2.7,6.1,16.7,0.467,0.497,1.1,9.3,5.2,9.3,1.8,0.3,13.2
Jared Dudley,Active,SF,0.468,16.2,6.4,13.6,2.2,5.6,4.1,8,2.5,3.4,0.732,3.4,1.8,0.4,1.9,3.9,17.4,0.578,0.25,4.9,11.3,8.1,10.1,1.8,0.6,11.4
Jared Jeffries,Inactive,PF,0.426,7.9,4.4,10.4,0.3,1.1,4.1,9.3,2.3,3.9,0.583,3,1.7,1.2,2.6,5.8,11.4,0.472,0.38,9.6,12,10.8,8.9,1.7,1.8,17.5
Jared Sullinger,Active,PF,0.436,11.4,9,20.7,1.1,4,8,16.7,3.1,4.4,0.723,3.7,1.4,1.2,2.6,6,22.3,0.493,0.21,11.5,22.7,17,12,1.4,1.9,10.2
Jarell Martin,Active,PF,0.419,8.9,6.2,14.7,0.5,1.5,5.7,13.3,4.7,6.2,0.759,1.3,1.4,0.9,2.6,8.2,17.6,0.503,0.419,9.5,21,15.1,3.9,1.4,1.6,12.9
Jarrett Jack,Active,PG,0.441,14.3,7.4,16.8,1.4,4,6,12.8,4.4,5.2,0.856,8.4,1.5,0.2,3.7,3.4,20.6,0.541,0.31,1.3,10.5,5.9,25.7,1.5,0.4,16.4
Jason Collins,Inactive,C,0.411,8.6,3.2,7.9,0,0.1,3.2,7.8,2.8,4.3,0.647,2.2,1.3,1.3,2.1,7.3,9.3,0.474,0.538,7.1,14.1,10.6,6.4,1.3,1.9,18
Jason Kidd,Inactive,PG,0.398,17,6.5,16.2,2.1,6,4.4,10.3,3.2,4.1,0.785,12.6,2.8,0.5,4.2,2.7,18.3,0.507,0.254,4,16,10,38.5,2.8,0.7,18.8
Jason Maxiell,Inactive,PF,0.495,7.8,6.6,13.4,0,0,6.6,13.3,3.2,5.8,0.564,1.3,1.1,2.3,2.3,5.7,16.5,0.518,0.43,10.6,16.3,13.4,3.8,1.1,3.4,12.7
Jason Richardson,Inactive,SG,0.438,14.1,9.8,22.3,2.8,7.7,7,14.7,3.4,4.8,0.707,4,1.8,0.6,2.6,3.5,25.8,0.528,0.214,3.9,12.4,8.1,13.7,1.8,0.9,9.8
Jason Smith,Active,C,0.473,13.4,8.3,17.5,0.4,1.1,7.9,16.4,2.8,3.6,0.777,2.3,1.1,2.1,2.6,6.9,19.7,0.517,0.208,7.6,16.6,12,7.4,1.1,3.3,12.1
Jason Terry,Active,SG,0.445,16.6,8.7,19.6,2.8,7.5,5.9,12.1,3.5,4.2,0.845,6.8,2,0.3,3,3.2,23.8,0.555,0.212,1.4,7.5,4.5,22.3,2,0.5,12.4
Jason Thompson,Inactive,PF,0.496,7.7,7.2,14.6,0,0.1,7.2,14.4,3.4,5.1,0.657,2.2,1,1.4,2.6,6,17.9,0.53,0.351,9.6,20.3,14.9,6.8,1,2.1,13.2
JaVale McGee,Active,C,0.554,3.9,9.6,17.3,0,0.1,9.6,17.2,3.5,6.1,0.575,0.9,1.1,4.6,2.8,6.2,22.7,0.568,0.354,12.1,20.3,16.2,3,1.1,6.9,12.3
Jaylen Brown,Active,SF,0.454,11.7,7.1,15.6,1.7,5,5.4,10.6,3.1,4.6,0.685,2.4,1.3,0.7,2.5,5.3,19,0.539,0.293,3.8,14.4,9.1,7.2,1.3,1.1,12.5
Jeff Adrien,Inactive,PF,0.474,6.5,6.4,13.5,0,0,6.4,13.4,4.4,7,0.628,2.4,1.2,1.9,2.2,6.3,17.2,0.518,0.517,11.5,23.9,17.5,7.5,1.2,2.9,11.7
Jeff Ayres,Inactive,C,0.553,6.7,6.4,11.6,0,0.1,6.4,11.5,2.5,3.3,0.776,2.2,0.8,1.5,2.9,8,15.4,0.591,0.283,9.9,21,15.5,6.3,0.8,2.1,18.4
Jeff Green,Active,SF,0.435,12.5,8.2,18.8,1.7,5,6.5,13.8,4.3,5.4,0.792,2.7,1.3,0.9,2.7,3.7,22.3,0.526,0.287,3.6,13.7,8.6,8.5,1.3,1.4,11.2
Jeff Teague,Active,PG,0.447,11,8.5,19,1.6,4.6,6.9,14.5,5.3,6.3,0.844,10.5,2.3,0.6,4.3,3.5,23.9,0.549,0.33,1.4,8.7,5.1,33.2,2.3,1,16.4
Jeff Withey,Active,C,0.531,3.9,6.3,11.8,0,0.1,6.3,11.7,4.3,5.9,0.717,1.7,1.4,3.9,1.9,5.8,16.8,0.582,0.502,10.3,18.7,14.5,4.9,1.4,6.2,11.7
Jeffery Taylor,Inactive,SF,0.409,13.3,6.1,14.9,1.7,5.2,4.4,9.6,2.6,3.9,0.665,2.2,1.5,0.4,1.9,4.8,16.4,0.495,0.261,3.5,8.3,5.8,6.9,1.5,0.7,10.1
Jerami Grant,Active,SF,0.412,10.9,5.2,12.7,1.3,4.1,4,8.5,4.1,6.6,0.628,2.6,1.3,2.7,2.4,5,15.8,0.509,0.518,4,13.1,8.4,8.2,1.3,4.3,13.2
Jeremy Evans,Inactive,SF,0.568,7.2,7.3,12.8,0.1,0.5,7.1,12.3,2.9,4.2,0.687,2.1,1.8,2.4,1.7,5.8,17.6,0.599,0.33,10.3,18.1,14.1,6.6,1.8,3.7,10.3
Jeremy Lamb,Active,SG,0.439,14.8,9.1,20.7,2.5,7.7,6.6,13,3.1,3.8,0.823,3.4,1.6,0.9,2,4.4,23.7,0.532,0.182,2.7,16.7,9.8,11.1,1.6,1.5,8.1
Jeremy Lin,Active,PG,0.433,12.8,7.6,17.7,1.8,5.2,5.8,12.4,5.4,6.7,0.804,8.4,2.2,0.8,4.5,4.3,22.5,0.546,0.382,1.8,10.1,6,27.1,2.2,1.2,17.8
Jeremy Pargo,Inactive,PG,0.373,13.4,7.2,19.5,1.7,5.4,5.5,14,2.8,4.3,0.652,7.2,1.4,0.1,4.7,4.5,19,0.445,0.223,2.1,7.3,4.6,21.9,1.4,0.1,17.9
Jeremy Tyler,Inactive,C,0.45,6.7,8,17.7,0,0.1,8,17.6,3,5.4,0.557,1.3,1.2,2.1,3.4,8.3,18.9,0.471,0.304,10.8,19.2,15,3.9,1.2,3.3,14.7
Jerian Grant,Active,PG,0.408,13.6,6.3,15.4,1.6,5.2,4.7,10.2,3.6,4.4,0.821,6.6,2.2,0.4,2.9,4.2,17.7,0.511,0.283,1.9,10.1,6,19.8,2.2,0.6,14.4
Jermaine O'Neal,Inactive,C,0.466,8.4,9.9,21.3,0,0.2,9.9,21.1,5.8,8.1,0.715,2.6,0.9,3.5,3.6,5.6,25.7,0.517,0.382,8.5,21.9,15.3,9.5,0.9,5,12.7
Jerome Jordan,Inactive,C,0.528,3.9,7.1,13.4,0,0,7.1,13.4,4.8,5.7,0.852,1.8,0.9,2.2,2.5,7.7,19,0.597,0.425,15.2,15.2,15.2,5.5,0.9,3.4,13.7
Jerry Stackhouse,Inactive,SG,0.404,14.5,9.3,22.9,1.7,5.6,7.6,17.3,8.1,9.8,0.822,5.6,1.5,0.8,4.6,3.1,28.5,0.524,0.429,3.5,8.2,5.8,19.4,1.5,1.1,14.4
Jerryd Bayless,Active,PG,0.414,15.2,7.4,17.8,2,5.5,5.4,12.3,4.4,5.4,0.825,7.2,1.6,0.3,3.6,5.1,21.2,0.526,0.303,1.6,10.2,5.9,22.1,1.6,0.5,15.2
Jimmer Fredette,Inactive,SG,0.412,16.2,8.4,20.4,3.1,8.2,5.3,12.2,3.1,3.5,0.876,5.3,1.5,0.2,3.5,3.5,23,0.525,0.174,1.8,6.7,4.2,16.8,1.5,0.3,13.9
Jimmy Butler,Active,SG,0.448,12.6,8.1,18,1.4,4,6.7,14,7.5,9,0.828,5,2.3,0.7,2.3,2.3,25,0.568,0.5,4.9,11.4,8.2,16.2,2.3,1.1,9.3
Joakim Noah,Active,C,0.49,4.6,6.2,12.7,0,0,6.2,12.7,3.8,5.4,0.699,5.3,1.5,2.5,3.1,5.2,16.3,0.538,0.428,13.1,23.2,18.2,16,1.5,3.5,17.2
Jodie Meeks,Active,SG,0.42,17.1,7,16.6,3.3,8.7,3.7,7.9,3.7,4.2,0.881,2.4,1.8,0.1,1.7,2.7,20.9,0.567,0.25,1.3,8.7,5,7.2,1.8,0.2,8.6
Joe Harris,Active,SG,0.418,17.9,6,14.4,3.5,9.1,2.5,5.2,1.3,1.9,0.688,2.4,1.1,0.3,2.5,5.4,16.8,0.551,0.132,1.5,10.9,6.3,7.5,1.1,0.5,13.9
Joe Ingles,Active,SF,0.433,18.9,5.1,11.8,3,7.5,2.1,4.4,1,1.4,0.738,5.4,2.4,0.2,2.9,4.2,14.2,0.573,0.115,1.5,12.2,7,15.7,2.4,0.4,19
Joe Johnson,Active,SG,0.442,14.8,9.4,21.2,2.4,6.3,7,14.9,3.3,4.2,0.801,6,1.3,0.3,2.9,2.7,24.4,0.531,0.197,2.8,10.3,6.6,19.8,1.3,0.4,11.3
Joe Young,Active,PG,0.365,15.1,8.4,23.1,1.4,6.6,7,16.5,3,3.8,0.775,7.7,1.8,0,3.6,3.4,21.3,0.429,0.166,1.5,12.6,7.1,24.6,1.8,0,12.8
Joel Anthony,Active,C,0.513,4,3,5.8,0,0,3,5.8,2,3,0.662,0.7,1,4,1.7,6.1,8,0.558,0.522,9.6,13,11.3,2,1,6.1,19.2
Joel Freeland,Inactive,C,0.459,8.8,5.9,12.8,0,0.1,5.9,12.7,1.7,2.3,0.728,1.8,0.9,1.6,2.1,7.2,13.4,0.486,0.178,11.5,19.6,15.6,5.2,0.9,2.2,13.1
Joel Przybilla,Inactive,C,0.552,2.2,4.1,7.5,0,0,4.1,7.5,2.3,4.2,0.557,1.2,0.7,3.9,2.6,7.4,10.6,0.568,0.554,11.3,25.9,18.6,3.3,0.7,5.4,22.1
Joey Dorsey,Inactive,PF,0.534,2,4.8,9,0,0,4.8,9,2,5.4,0.375,1.9,2.3,1.5,2.9,8.7,11.7,0.511,0.602,15,24.3,19.6,5.4,2.3,2.3,20.4
Joffrey Lauvergne,Active,C,0.471,9.5,8.2,17.5,1.1,3.6,7.2,13.9,2.7,3.7,0.741,3,1,0.7,2.9,5.2,20.3,0.53,0.211,8.3,21.6,14.9,9.6,1,1.1,13
Johan Petro,Inactive,C,0.462,9.1,7,15.1,0,0.1,7,15,1.8,2.6,0.678,1.6,1.4,1.7,2.7,8.3,15.7,0.484,0.173,8.5,21,14.7,5.1,1.4,2.4,14.1
John Henson,Active,C,0.534,4.5,8.8,16.4,0,0.1,8.8,16.4,3.1,5.5,0.572,2.7,1.2,4.1,3.1,6,20.7,0.549,0.335,11,19.8,15.4,8.7,1.2,6.7,14.2
John Jenkins,Active,SG,0.448,17.2,7.4,16.5,2.6,7.2,4.8,9.3,2.8,3.3,0.849,3.2,0.9,0.3,2.4,2.3,20.2,0.563,0.198,1.9,11.1,6.5,9.9,0.9,0.5,11.6
John Lucas III,Active,PG,0.383,17.3,8.2,21.5,3,8.6,5.3,12.9,1.4,1.8,0.768,6.6,1.6,0,2.3,3.5,20.8,0.467,0.084,2.2,7.1,4.6,20.9,1.6,0.1,9.4
John Salmons,Inactive,SG,0.431,13.5,6.6,15.2,1.6,4.3,5,10.9,3.4,4.2,0.799,4.8,1.7,0.5,2.6,3.6,18.1,0.529,0.278,2.1,10.7,6.4,14.9,1.7,0.8,13.1
John Wall,Active,PG,0.433,12.4,9.6,22.2,1.2,3.7,8.4,18.5,6.1,7.7,0.791,13,2.4,0.9,5.4,3.2,26.5,0.518,0.346,1.8,12.2,7,42.4,2.4,1.4,17.4
Johnny O'Bryant,Active,PF,0.404,10,5.7,14,0.2,0.3,5.5,13.7,1.7,2.8,0.603,2.1,0.9,0.5,2.4,6,13.2,0.432,0.203,8.8,13.8,11.3,6.3,0.9,0.8,13.7
Jon Leuer,Active,PF,0.479,12,8.4,17.6,1.2,3.4,7.3,14.2,2.6,3.4,0.765,2.7,1.2,0.9,2.2,4.8,20.6,0.54,0.193,6.5,20.5,13.3,8.3,1.2,1.4,10.1
Jonas Jerebko,Active,PF,0.456,11.7,6.6,14.5,1.5,4.4,5.1,10.1,2.8,3.6,0.763,2.2,1.6,0.7,2.1,5.6,17.5,0.544,0.25,7.9,17.7,12.6,6.7,1.6,1.1,11.7
Jonas Valanciunas,Active,C,0.556,5.4,8.9,16,0,0,8.9,16,4.9,6.3,0.781,1.3,0.7,2.1,2.9,5.6,22.7,0.605,0.393,11.8,25.7,18.8,4.2,0.7,3.3,13.4
Jonathon Simmons,Active,SG,0.451,10.7,6.9,15.3,1.1,3.4,5.8,11.9,3.9,5.2,0.75,4.3,1.6,0.7,3,5.8,18.8,0.534,0.338,1.9,11,6.6,12.2,1.6,1.1,14.5
Jordan Clarkson,Active,SG,0.441,12.9,9.5,21.4,2.1,6.2,7.4,15.3,3.3,4.1,0.809,4.7,1.8,0.2,3.1,3.3,24.3,0.522,0.192,3.2,9.7,6.4,16.3,1.8,0.3,11.6
Jordan Crawford,Active,SG,0.411,15.7,9.6,23.5,2.4,7.8,7.2,15.7,4,4.9,0.825,6.6,1.5,0.2,4,3.3,25.7,0.502,0.207,2.5,9.2,5.8,22.2,1.5,0.3,13.4
Jordan Farmar,Active,PG,0.423,15.9,7.6,18,3,8.1,4.6,9.9,2,2.7,0.739,7.6,2,0.3,3.6,3.7,20.3,0.528,0.151,1.9,9.2,5.5,23.6,2,0.4,15.9
Jordan Hamilton,Inactive,SF,0.408,15.5,8.1,19.9,3.3,9.1,4.9,10.8,1.6,2.4,0.67,3,1.7,0.8,2.4,3.4,21.1,0.503,0.123,4.8,17.8,11.4,9.5,1.7,1.2,10.3
Jordan Hill,Active,C,0.497,8.4,8.9,17.9,0,0.1,8.9,17.7,3.4,4.8,0.699,2.1,1,1.8,2.8,5.7,21.2,0.529,0.27,12.5,21.9,17.1,7,1,2.6,12.2
Jordan McRae,Active,PG,0.404,13.5,7.9,19.7,2.4,6.3,5.5,13.4,4.1,5.4,0.774,3.8,1,0.6,2.5,4.1,22.5,0.509,0.272,1.9,9.5,5.8,11.9,0.9,1,10.2
Jordan Mickey,Active,PF,0.411,4.6,5.7,14,0,0.2,5.7,13.7,3.2,6,0.542,2,0.7,4.2,2.5,4.2,14.7,0.443,0.429,10.5,15.5,13,5.8,0.8,6.8,13.1
Jorge Gutierrez,Inactive,PG,0.5,11.3,5.7,11.4,0.3,1.8,5.4,9.5,3,3.9,0.778,7.4,2,0.1,3.4,7,14.7,0.562,0.34,1.9,11,6.5,22.2,2,0.2,20.8
Jose Calderon,Active,PG,0.473,17,6.8,14.5,2,5,4.8,9.5,2.1,2.4,0.875,11.6,1.6,0.2,3,3.1,17.8,0.574,0.166,1.5,9.1,5.3,34.9,1.6,0.2,16.1
Josh Childress,Inactive,SF,0.522,6.2,6.8,13,0.5,1.5,6.3,11.5,3.9,4.9,0.779,3.1,1.7,0.9,2.2,3.7,17.9,0.591,0.381,8.1,12.9,10.4,9.5,1.7,1.3,12.8
Josh Harrellson,Inactive,C,0.438,13.5,6.1,13.8,1.9,5.5,4.2,8.4,1.3,2,0.629,1.5,1.7,2.1,1.9,5.5,15.3,0.519,0.146,10,19.2,14.5,4.4,1.7,3.2,11.4
Josh Howard,Inactive,SF,0.448,12.4,9.5,21.2,1.2,3.5,8.3,17.6,4.8,6.3,0.77,2.8,1.8,0.9,2.5,4.5,25,0.522,0.297,6.4,15.2,10.8,9,1.8,1.3,9.4
Josh McRoberts,Active,PF,0.464,11.9,5.7,12.3,1.2,3.6,4.5,8.7,1.9,2.7,0.705,5.6,1.4,1.2,2.4,5.1,14.5,0.539,0.222,6.4,16.5,11.5,16.8,1.4,1.8,15
Josh Powell,Inactive,PF,0.438,9.2,6.5,14.9,0.1,0.3,6.4,14.6,2.9,3.9,0.743,2.1,0.6,0.9,3.3,6.4,16.1,0.483,0.264,9.7,17.4,13.5,6.3,0.6,1.3,16.7
Josh Richardson,Active,SG,0.414,16.2,6.1,14.6,2.4,6.4,3.7,8.3,1.9,2.6,0.729,4,1.8,1.2,1.9,4.5,16.4,0.52,0.178,2.3,8.9,5.6,11.4,1.8,1.8,10.6
Josh Smith,Inactive,PF,0.453,10.4,9.2,20.3,0.8,2.9,8.4,17.5,4.3,6.8,0.632,5,2,3.1,4,4.4,23.5,0.504,0.333,6.8,20,13.3,16.5,2,4.5,14.6
Jrue Holiday,Active,PG,0.441,12.7,9.1,20.6,1.8,4.9,7.3,15.6,3,3.8,0.788,10,2.3,0.6,4.3,3.6,22.9,0.515,0.183,2.8,9.8,6.2,31.9,2.3,1,16.3
Juan Hernangomez,Active,PF,0.451,14.1,5.9,13,2.7,6.6,3.2,6.4,3.3,4.4,0.75,1.7,1.7,0.7,1.8,3.6,17.7,0.592,0.339,5.7,18.7,12.3,4.7,1.7,1.1,10.7
Julius Randle,Active,PF,0.457,6.9,8.2,18,0.3,1.1,7.9,16.9,4.4,6.2,0.717,4.6,1.1,0.7,3.6,5.5,21.2,0.511,0.344,7.6,28.9,17.9,15,1.1,1.2,14.8
Julyan Stone,Inactive,SG,0.44,13.5,3.5,7.9,0.6,3,2.8,4.9,2,2.8,0.722,8,1.9,0.9,2.8,5.5,9.6,0.527,0.36,3.2,13.7,8.5,21.6,1.9,1.4,23.7
Justin Anderson,Active,SF,0.419,14.3,6.9,16.6,2.2,7.5,4.8,9.1,3.9,5,0.793,2.6,1.6,1.3,2.4,4.2,20,0.532,0.3,5.1,17.7,11.3,8.1,1.6,2.2,11.5
Justin Hamilton,Active,C,0.464,13,6.7,14.4,1.7,5.5,5,8.9,2.1,2.6,0.798,2.3,1.5,1.8,1.8,4.2,17.2,0.552,0.18,7.5,15,11.3,7.3,1.5,2.9,10.5
Justin Holiday,Active,SG,0.408,16.9,6.6,16.3,2.7,7.8,4,8.5,2.1,2.6,0.8,3.4,2.2,1.1,2.2,3.6,18.1,0.518,0.162,1.7,11.7,6.7,10.1,2.2,1.7,11.3
Justise Winslow,Active,SF,0.4,10.5,4.9,12.3,0.7,2.7,4.2,9.6,1.9,2.9,0.665,3.3,1.7,0.6,2.3,4.2,12.5,0.46,0.239,4.2,15.1,9.8,9.2,1.7,0.9,14.4
Jusuf Nurkic,Active,C,0.469,4.5,8.9,18.9,0,0.1,8.9,18.8,4.3,7.2,0.601,3.5,2.1,3,4.6,7.5,22,0.499,0.381,12.2,24.9,18.5,11.2,2.1,4.8,17.3
Juwan Howard,Inactive,PF,0.461,9.6,9.4,20,0,0.1,9.4,19.9,4.4,5.7,0.764,3.8,1.2,0.4,3.5,5,23.1,0.514,0.288,7.4,16.2,11.8,12.7,1.2,0.6,13.6
K.J. McDaniels,Active,SF,0.412,12.2,6.6,15.9,1.7,5.7,4.9,10.2,3.7,4.7,0.776,2.2,1.7,2.2,3.6,4.8,18.5,0.512,0.298,4.8,12.1,8.4,7.7,1.7,3.6,16.5
Karl-Anthony Towns,Active,C,0.542,9.7,12.8,23.5,1.2,3.2,11.6,20.3,5.2,6.3,0.824,3.4,1,2.2,3.5,4.3,31.9,0.606,0.267,10.8,27.6,19.2,12.3,1,3.6,11.8
Kawhi Leonard,Active,SF,0.495,13.3,10,20.2,2.2,5.6,7.8,14.6,5.2,6.1,0.847,3.8,3,1.2,2.3,2.9,27.3,0.598,0.304,4.9,17.8,11.6,12.2,3,1.7,9.1
Kay Felder,Active,PG,0.392,11.4,8,20.4,0.9,2.8,7.1,17.6,4.5,6.3,0.714,7.5,2.3,0.9,3.9,4.9,21.5,0.462,0.31,0.9,10.5,5.9,22.7,2.3,1.5,14.3
Keith Bogans,Inactive,SG,0.394,16.6,5.4,13.6,2.6,7.3,2.8,6.3,2.1,2.9,0.716,3.1,1.6,0.2,2.1,4.4,15.4,0.517,0.215,3.1,11.4,7.3,9.3,1.6,0.4,12.2
Kelly Olynyk,Active,C,0.477,12.4,8.7,18.2,2.2,6,6.5,12.2,3.3,4.4,0.743,4.1,1.7,1.1,3.2,7,22.8,0.567,0.243,7.1,18.1,12.6,13.2,1.7,1.7,13.9
Kelly Oubre,Active,SF,0.423,13.2,6,14.1,1.7,5.8,4.3,8.3,2.3,3.2,0.716,1.3,1.7,0.5,1.8,6.4,15.9,0.513,0.227,4.2,15.3,9.7,3.6,1.7,0.9,10.5
Kemba Walker,Active,PG,0.411,14.7,9.7,23.7,2.7,7.7,7,16,5.7,6.9,0.827,8.2,2.1,0.6,3.2,2.3,27.9,0.522,0.289,1.9,10.9,6.4,28.8,2.1,0.9,10.6
Kendall Marshall,Inactive,PG,0.399,16.6,5.1,12.7,2.1,5.6,3,7.1,0.7,1.2,0.611,12.5,1.7,0.2,4.6,2.9,12.9,0.489,0.091,0.8,8.2,4.5,37.1,1.7,0.2,25.8
Kendrick Perkins,Inactive,C,0.53,4.5,5.2,9.7,0,0,5.2,9.7,2.4,4.1,0.594,2.5,0.8,2.7,3.7,6.5,12.7,0.552,0.42,9.3,21.4,15.6,7.1,0.8,4.1,24.4
Kenneth Faried,Active,PF,0.544,4.1,9.3,17,0,0.1,9.2,16.9,4.4,6.8,0.653,2,1.5,1.7,2.7,5,23,0.574,0.4,13.6,22.9,18.3,6.7,1.5,2.6,11.9
Kent Bazemore,Active,SG,0.423,13.9,7.2,17,2.3,6.6,4.9,10.4,3,4.3,0.691,4.1,2.3,1.1,3.3,4.5,19.7,0.52,0.256,1.9,14.2,8.2,12.8,2.3,1.8,14.8
Kentavious Caldwell-Pope,Active,SG,0.405,16.1,7.2,17.8,2.6,7.7,4.6,10.1,2.7,3.4,0.785,2.7,2,0.3,1.7,3.2,19.6,0.509,0.19,2.3,8.8,5.4,8,2,0.5,8
Kenyon Martin,Inactive,PF,0.483,8.4,8.6,17.9,0.1,0.6,8.5,17.3,3.4,5.3,0.629,3.2,2,1.9,2.9,5.6,20.8,0.513,0.299,6.5,19.1,12.8,10.6,2,2.8,12.7
Kevin Durant,Active,SF,0.488,13.8,12.5,25.6,2.4,6.4,10,19.2,9.5,10.8,0.882,5.1,1.6,1.4,4.3,2.6,36.9,0.608,0.422,2.5,18.5,10.8,18.3,1.6,2.1,12.4
Kevin Garnett,Inactive,PF,0.5,11.3,11,22.1,0.2,0.7,10.8,21.5,5.1,6.5,0.789,5.7,1.9,2.1,3.3,3.7,27.3,0.546,0.293,7.6,26,17,19.3,1.9,3,11.8
Kevin Love,Active,PF,0.442,12.7,9.5,21.5,2.4,6.6,7.1,14.9,7.3,8.9,0.82,3.7,1.1,0.7,3.1,3.3,28.6,0.565,0.413,10.5,29.1,19.7,12.3,1.1,1.1,10.8
Kevin Martin,Inactive,SG,0.437,15.2,9.1,20.8,2.7,7,6.4,13.8,8.4,9.7,0.87,3.2,1.5,0.2,2.8,3.2,29.3,0.585,0.465,2.1,10,6.1,10.6,1.5,0.3,10.2
Kevin Seraphin,Active,C,0.489,8.1,9.1,18.6,0,0.1,9.1,18.5,2,2.8,0.715,2,0.7,2.4,3.6,7.2,20.2,0.509,0.15,8.8,16.8,12.8,6.5,0.7,3.7,15.4
Kevon Looney,Active,C,0.526,5.6,6.2,11.7,0.3,1.1,5.9,10.6,2.2,3.5,0.618,3,1.5,1.7,1.9,6.8,14.8,0.558,0.298,12,18.9,15.7,8.1,1.5,2.9,12.2
Keyon Dooling,Inactive,PG,0.416,15,6.8,16.4,1.7,4.8,5.1,11.6,3.8,4.7,0.799,6,1.7,0.3,3,4.6,19,0.516,0.288,1.1,6.8,4,18.8,1.7,0.4,14.1
Khris Middleton,Active,SF,0.45,15.4,8.5,19,2.4,6.1,6.1,12.9,3.6,4.1,0.874,4.6,2.2,0.3,2.8,4.3,23.1,0.556,0.218,2.1,12.3,7.2,14.7,2.2,0.6,11.9
Kim English,Inactive,SG,0.375,15.9,5.5,14.5,1.8,6.5,3.6,8.1,2.7,3.8,0.724,3.4,2.1,0.4,2.5,6,15.5,0.477,0.259,2.2,8.4,5.2,9.8,2.1,0.6,13.2
Kirk Hinrich,Inactive,PG,0.411,17,6.7,16.4,2.3,6,4.5,10.4,2.7,3.4,0.8,8.2,1.9,0.5,3.1,4.8,18.5,0.516,0.208,1.3,9.5,5.4,25.7,1.9,0.7,14.8
Klay Thompson,Active,SG,0.453,17.2,10.7,23.6,4.3,10.3,6.4,13.3,3.1,3.7,0.853,3.4,1.4,0.8,2.6,3.4,28.9,0.572,0.156,1.5,9.4,5.6,11.1,1.4,1.3,9.5
Kobe Bryant,Inactive,SG,0.447,14.1,12.5,27.9,1.9,5.9,10.5,22,8.9,10.7,0.837,6.7,2.1,0.7,4.3,3.6,35.8,0.55,0.382,3.5,12.7,8.1,24.2,2.1,1,11.6
Kosta Koufos,Active,C,0.532,4.6,7.9,14.8,0,0,7.9,14.8,2,3.3,0.605,1.3,1.2,2.5,2.2,6.4,17.8,0.546,0.224,12.2,21.8,17.1,3.9,1.2,4,11.8
Kostas Papanikolaou,Inactive,SF,0.354,15.5,4.3,12,1.9,6.3,2.4,5.7,1,1.5,0.688,4.6,1.9,0.8,3.5,4.3,11.4,0.449,0.122,4.8,11.3,8,13.6,1.9,1.3,21.5
Kris Dunn,Active,PG,0.377,13.8,4.5,11.9,0.8,2.8,3.7,9.1,1.4,2.2,0.61,7.2,3,1.4,3.4,6.8,11.1,0.432,0.188,2.1,12.6,7.3,19.4,3,2.3,20.8
Kris Humphries,Active,PF,0.463,8.9,7.7,16.5,0.2,0.7,7.5,15.8,4.2,6,0.7,2,1.2,1.7,2.5,5.4,19.7,0.514,0.362,11.2,24.3,17.6,6.5,1.2,2.5,11.7
Kristaps Porzingis,Active,PF,0.436,13.7,9.8,22.5,2.3,6.7,7.5,15.8,4.8,5.9,0.811,2.3,1.2,3.2,2.9,5.4,26.8,0.533,0.263,6.3,19.4,12.9,7.6,1.2,4.9,10.3
Kurt Thomas,Inactive,C,0.487,10.7,7.5,15.4,0,0.1,7.5,15.4,2.5,3.3,0.76,2.4,1.4,1.6,2.4,7,17.5,0.519,0.215,8.3,23,15.7,7.4,1.4,2.3,12.6
Kwame Brown,Inactive,C,0.492,4.7,6,12.2,0,0,6,12.2,3.9,6.9,0.57,2.2,1.3,1.5,3,5.5,16,0.523,0.567,9.3,19.8,14.5,6.6,1.3,2.1,16.7
Kyle Anderson,Active,SF,0.442,11.3,5.1,11.6,0.6,1.7,4.5,9.8,2.3,3,0.753,4.7,2.5,1.2,2.1,3.7,13.1,0.507,0.26,2.8,19.4,11.3,12.8,2.5,1.9,14
Kyle Korver,Active,SG,0.443,20.7,6.7,15.1,3.9,9,2.8,6.2,2.1,2.4,0.88,3.5,1.4,0.7,2.1,4.2,19.4,0.6,0.161,1.3,12,6.7,10.7,1.4,1,11.6
Kyle Lowry,Active,PG,0.424,15.1,7.7,18.1,2.7,7.3,5,10.8,5.8,7.3,0.799,9.7,2.3,0.4,3.7,4.5,23.8,0.56,0.402,3.1,12.1,7.6,30.1,2.3,0.7,14.8
Kyle O'Quinn,Active,C,0.502,10,8.2,16.4,0.2,0.9,8,15.5,2.6,3.6,0.735,4.2,1.5,3.4,3.4,7.3,19.3,0.537,0.22,10.5,24.4,17.4,13.1,1.5,5.2,15.8
Kyle Singler,Active,SF,0.419,14.6,5.5,13.2,2,5.4,3.6,7.8,2.2,2.8,0.793,1.8,1.3,0.7,1.8,4.8,15.2,0.528,0.211,4.5,10.2,7.3,5.2,1.3,1.1,11.2
Kyrie Irving,Active,PG,0.457,13.6,11.9,26,2.9,7.5,9,18.6,5.9,6.8,0.873,8.4,2,0.5,4.1,3.3,32.5,0.561,0.259,2.4,8.9,5.6,30,2,0.8,12.3
Lamar Odom,Inactive,PF,0.466,10.1,7.8,16.9,1.1,3.5,6.7,13.5,4.1,5.9,0.693,5.8,1.4,1.5,3.7,4.7,20.8,0.534,0.346,6.5,21.9,14.3,18.4,1.4,2.1,15.8
LaMarcus Aldridge,Active,PF,0.486,11.1,11.8,24.3,0.2,0.6,11.7,23.8,5.3,6.6,0.802,2.9,1.2,1.6,2.4,3.9,29.1,0.534,0.27,8.8,19,13.9,10,1.2,2.3,8.1
Lance Stephenson,Active,SG,0.451,12.2,7.3,16.2,1.2,3.9,6.1,12.3,2.3,3.4,0.69,6.3,1.4,0.3,3.6,4.1,18.1,0.513,0.208,3,15.4,9.3,20.2,1.4,0.4,17
Lance Thomas,Active,PF,0.428,11.7,5.7,13.4,0.9,2.2,4.8,11.1,3.2,4,0.797,1.9,1,0.3,2,4.6,15.5,0.514,0.301,5.1,10.9,8,5.7,1,0.5,11.7
Landry Fields,Inactive,SF,0.473,10.4,5.8,12.3,1,3.1,4.8,9.3,2.1,3.1,0.666,3.6,1.8,0.4,2.3,2.6,14.8,0.539,0.252,4.7,16.4,10.5,10.8,1.8,0.6,14.4
Langston Galloway,Active,PG,0.391,17.2,6.6,16.9,2.7,7.3,3.9,9.6,2.1,2.6,0.781,4.6,1.8,0.4,1.7,4.1,17.9,0.496,0.156,2.4,11.7,7,14.4,1.8,0.6,8.7
Larry Nance Jr.,Active,PF,0.526,8.8,6.3,12.1,0.2,0.8,6.1,11.2,1.7,2.3,0.717,2.6,2.5,1.1,1.8,5,14.6,0.557,0.192,8.6,19.1,13.6,7.9,2.5,1.8,11.9
Larry Sanders,Active,C,0.48,5.6,7.4,15.5,0,0.1,7.4,15.4,2,3.7,0.553,1.9,1.7,4.8,2.5,7.4,16.9,0.494,0.236,11.1,21.4,16.1,6,1.7,7.1,12.7
Lavoy Allen,Active,PF,0.471,9.5,6.1,13,0,0.1,6.1,12.8,1.4,2,0.682,2.8,0.9,1.6,1.9,5.2,13.6,0.491,0.158,11.4,18.2,14.8,8.4,0.9,2.5,12
Lazar Hayward,Inactive,SF,0.347,15.1,6,17.2,1.8,6.6,4.2,10.6,3.9,5.1,0.767,3,1.4,0.7,2.4,5.5,17.6,0.453,0.297,4.6,12.4,8.5,9,1.4,1,10.9
Leandro Barbosa,Active,SG,0.459,13.3,9.3,20.3,2.7,7,6.6,13.3,3.4,4.1,0.821,4.9,1.9,0.3,2.9,4.5,24.7,0.56,0.204,2,8.4,5.3,15.1,1.9,0.5,11.6
LeBron James,Active,SF,0.501,12,13.3,26.5,1.9,5.5,11.4,21.1,8.3,11.2,0.74,9.5,2.2,1,4.6,2.5,36.7,0.584,0.421,3.7,17.9,10.9,35,2.2,1.6,12.8
Lester Hudson,Inactive,PG,0.375,15.8,8.3,22.2,2.5,8.9,5.9,13.3,4.4,5.4,0.806,6.2,2.8,0.7,4.9,4.6,23.5,0.478,0.245,3.1,12,7.5,20.4,2.8,1,16.7
Linas Kleiza,Inactive,SF,0.435,14.1,7.8,18,2.4,7.1,5.4,10.8,3.9,5.2,0.763,2,1,0.5,2.5,5.5,22,0.543,0.287,5.5,15,10.3,6.2,1,0.7,11.1
Lorenzo Brown,Inactive,PG,0.369,12.8,5.2,14,0.6,4,4.6,10,1.4,2.2,0.667,8.5,2.6,0.6,3.3,4.3,12.4,0.414,0.155,2.9,11.5,7.1,25.8,2.6,1,18.1
Lou Amundson,Inactive,PF,0.474,4,6,12.8,0,0,6,12.7,2.5,5.6,0.444,1.8,1.4,2.9,2.8,7.8,14.6,0.479,0.441,13.6,18.4,16,5.2,1.4,4.2,15.5
Lou Williams,Active,SG,0.417,14.9,9,21.5,2.7,7.7,6.3,13.8,7.5,9.1,0.827,6.4,1.9,0.4,3.2,3,28.1,0.551,0.422,1.8,8.5,5.1,20.5,1.9,0.6,11.2
Luc Mbah a Moute,Active,PF,0.452,9.6,5.4,11.9,0.5,1.6,4.9,10.3,2.6,4,0.659,1.9,1.9,0.8,2,4,13.9,0.508,0.334,7.1,13.5,10.2,5.7,1.9,1.3,13.1
Lucas Nogueira,Active,C,0.639,4,5.1,7.9,0.2,0.6,4.9,7.3,2.1,3.3,0.628,1.9,2.5,3.8,2.2,6.5,12.3,0.659,0.413,8.7,16.8,12.8,5.3,2.5,6.5,19.4
Luigi Datome,Inactive,SF,0.414,18.1,8.7,21,2.8,8.9,5.9,12.1,1,1.2,0.818,2.3,0.9,0.9,2.3,3.9,21.2,0.493,0.059,4,14.7,9.2,7.3,0.9,1.4,9.5
Luis Scola,Active,PF,0.493,9.5,10,20.3,0.3,0.7,9.7,19.5,4,5.3,0.74,3.3,1.3,0.6,3.1,5.5,24.2,0.535,0.264,8,21.5,14.8,11,1.3,0.9,11.9
Luke Babbitt,Active,SF,0.406,18.4,6.2,15.4,3.7,9.2,2.5,6.2,1.2,1.6,0.743,2.2,0.9,0.6,1.6,5.2,17.4,0.541,0.104,2.5,16.2,9.3,6.3,0.9,0.9,9.2
Luke Ridnour,Inactive,PG,0.431,15.1,7.1,16.4,1.4,4,5.6,12.3,3.1,3.6,0.862,8.9,2,0.4,3.2,4.3,18.6,0.519,0.22,1.9,8.3,5,27.5,2,0.6,15.3
Luke Walton,Inactive,SF,0.429,12.2,5.6,13.1,1,3,4.6,10.1,2,2.7,0.715,7,1.7,0.5,3.2,4.3,14.1,0.495,0.209,5.7,13,9.4,20.2,1.7,0.8,18.2
Luol Deng,Active,SF,0.455,12.3,8.6,19,1.1,3.3,7.5,15.7,4.1,5.4,0.77,3.4,1.5,0.7,2.5,2.5,22.5,0.527,0.282,5.4,14.7,10.1,11.2,1.5,1.1,10.3
Malcolm Brogdon,Active,SG,0.457,11.6,7.4,16.3,2,4.9,5.4,11.3,2.8,3.2,0.865,8.1,2.2,0.3,2.9,3.6,19.7,0.555,0.198,2.8,9.6,6.3,24.3,2.2,0.5,14.1
Malcolm Delaney,Active,PG,0.374,17.6,5.7,15.3,1,4.3,4.7,11,3,3.7,0.806,7.6,1.5,0,3.8,4.4,15.4,0.456,0.24,0.9,9.8,5.4,23.1,1.5,0.1,18.1
Manny Harris,Active,SG,0.38,12.6,6.4,16.9,1.7,4.8,4.7,12.1,4,5.4,0.738,4.2,1.6,0.5,3.3,3.4,18.6,0.481,0.321,4,14.4,9,13.3,1.6,0.7,14.5
Manu Ginobili,Active,SG,0.447,14,9,20.2,2.9,8,6.1,12.2,6.7,8.2,0.826,7.9,2.8,0.6,4.1,4.3,27.8,0.583,0.404,3.1,12.8,8.1,24.8,2.8,0.9,14.8
Marc Gasol,Active,C,0.496,9.5,8.7,17.6,0.3,0.8,8.4,16.8,5.5,7.1,0.772,5,1.4,2.4,3.1,4.6,23.2,0.561,0.404,6.4,20.3,13.2,16.2,1.4,3.7,13.1
Marcelo Huertas,Active,PG,0.409,13.1,5.5,13.4,0.9,3.6,4.6,9.8,1.6,2.1,0.783,10.6,1.6,0.4,4.5,4.1,13.5,0.471,0.154,1.9,9.5,5.6,33.2,1.6,0.6,23.7
Marcin Gortat,Active,C,0.556,5.8,8.6,15.4,0,0.1,8.6,15.4,2.8,4.2,0.679,2,1,2.3,2.3,4.3,20,0.579,0.272,9.6,25.5,17.6,6.2,1,3.5,11.8
Marco Belinelli,Active,SG,0.425,17.9,7.6,17.9,2.9,7.8,4.7,10.1,3.3,3.9,0.832,3.7,1.3,0.2,2.3,3.3,21.5,0.545,0.22,1.1,8.9,5.1,11.3,1.3,0.2,10.5
Marcus Camby,Inactive,C,0.468,8.2,6.8,14.6,0,0.2,6.8,14.5,3.1,4.6,0.67,3.3,1.8,4.2,2.5,4.9,16.8,0.503,0.316,10.5,27.9,19.2,10.1,1.8,6.1,12.9
Marcus Morris,Active,SF,0.428,16.2,7.8,18.2,2.4,6.8,5.4,11.4,2.8,3.9,0.717,3,1.4,0.5,2.2,3.9,20.8,0.522,0.216,4.1,14,8.9,9.2,1.4,0.7,9.9
Marcus Smart,Active,PG,0.358,15.9,5.3,14.8,2.1,7.1,3.2,7.7,3.5,4.6,0.762,6.4,2.7,0.6,2.8,4.6,16.1,0.48,0.309,4,10.6,7.3,18.5,2.7,1,14.2
Marcus Thornton,Active,SG,0.425,15.2,9.6,22.6,3.3,9.3,6.3,13.3,3.5,4.2,0.83,3.1,1.8,0.3,2.2,3.3,25.9,0.531,0.185,4,9.7,6.8,10.1,1.8,0.4,8.3
Mario Chalmers,Inactive,PG,0.421,15.5,5.9,14,2.3,6.6,3.6,7.5,3.3,4.2,0.786,7.4,2.9,0.3,3.6,5.3,17.5,0.55,0.302,1.5,9.1,5.4,21.5,2.9,0.5,18.6
Mario Hezonja,Active,SF,0.398,17.2,6.3,15.7,2.3,7.1,3.9,8.7,1.9,2.2,0.856,3.6,1.4,0.7,3.3,4.2,16.7,0.501,0.139,2.2,13,7.5,10.6,1.4,1.1,16.3
Markel Brown,Inactive,SG,0.382,14.2,5.9,15.4,1.6,5.4,4.3,10,3.4,4.4,0.781,3.8,2,0.8,2.3,4.4,16.7,0.484,0.284,2.5,12.2,7.3,11.1,2,1.2,11.9
Markieff Morris,Active,PF,0.447,12.4,8.8,19.7,1.3,3.8,7.5,15.9,3.8,4.9,0.774,3.2,1.8,1.2,3.2,5.5,22.6,0.518,0.249,5.9,17.9,11.9,10.3,1.8,1.8,12.8
Marquese Chriss,Active,PF,0.449,11.8,7.8,17.4,2,6.2,5.8,11.2,3.1,5,0.624,1.6,1.8,1.9,3,7.2,20.7,0.529,0.286,5.8,16.1,10.8,5.2,1.8,3.2,13.2
Marquis Daniels,Inactive,SG,0.451,9.1,7.8,17.3,0.5,1.9,7.4,15.4,3,4.1,0.721,4.3,2.2,0.6,2.8,3.9,19,0.497,0.237,5,10,7.5,13.2,2.2,0.9,12.9
Marquis Teague,Inactive,SG,0.349,10.6,5.2,14.8,0.6,2.6,4.6,12.2,2.2,3.3,0.686,7.7,1.2,0.8,4.7,5.9,13.1,0.405,0.22,0.5,11.1,5.8,22.9,1.2,1.1,22.5
Marreese Speights,Active,C,0.464,10.9,10.5,22.6,0.8,2.2,9.8,20.5,4.9,6.2,0.8,2.2,0.9,1.7,3,7.5,26.7,0.527,0.272,10.6,20.6,15.7,7.1,0.9,2.6,10.4
MarShon Brooks,Inactive,SG,0.442,12.4,9,20.3,1.4,4.2,7.6,16,3.9,5.3,0.748,4.3,1.8,0.6,3.9,4.2,23.3,0.514,0.26,4.4,10.1,7.2,14.4,1.8,0.9,14.7
Martell Webster,Inactive,SF,0.418,17.5,6.5,15.5,3,7.9,3.4,7.6,3.3,4.2,0.791,2.2,1.1,0.6,2,4,19.2,0.556,0.272,2.9,12.4,7.6,6.8,1.1,0.9,10.5
Marvin Williams,Active,PF,0.443,13.9,6.9,15.6,1.5,4.3,5.4,11.2,3.9,4.8,0.807,2.4,1.4,0.9,1.8,3.7,19.2,0.543,0.31,5.1,16.3,10.6,7.3,1.4,1.4,9.4
Mason Plumlee,Active,C,0.559,3.7,7.5,13.5,0,0.1,7.5,13.4,4.7,8,0.582,4.5,1.8,2.1,3.3,6,19.8,0.581,0.594,9.9,21.7,15.8,13.6,1.8,3.3,16.2
Matt Barnes,Active,SF,0.436,14.3,6.5,14.8,2.3,6.8,4.2,8,2.4,3.2,0.745,3.9,1.7,1,2.7,5.5,17.6,0.542,0.217,5.6,16.4,11.1,11.4,1.7,1.6,14.3
Matt Bonner,Inactive,PF,0.464,17.8,6.9,14.8,3.1,7.5,3.7,7.2,1.3,1.7,0.78,2.2,1.1,0.8,1.2,5.1,18.2,0.585,0.115,5.5,15.1,10.4,6.3,1.1,1.2,7
Matt Carroll,Inactive,SG,0.413,16.9,7.1,17.2,2.4,6.2,4.7,11,4.2,5,0.841,2.2,1.5,0.4,2,4.9,20.8,0.535,0.29,2.2,11.3,6.6,6.9,1.5,0.6,9.5
Matthew Dellavedova,Active,PG,0.393,16.4,5.1,13,2.4,6.1,2.7,6.9,1.6,2,0.831,8.6,1.2,0.1,2.9,4.8,14.3,0.513,0.15,2.2,7.6,4.9,24.2,1.2,0.2,17.4
Maurice Harkless,Active,SF,0.471,9.8,6.5,13.7,1.3,4.1,5.2,9.7,2,3.4,0.596,1.9,2.2,1.4,2,4.2,16.2,0.533,0.244,6.1,11.8,8.9,5.7,2.2,2.1,11.7
Melvin Ely,Inactive,C,0.46,5.9,6.8,14.8,0,0,6.8,14.8,3.7,5.9,0.625,2.3,0.9,1.8,3.4,6.7,17.3,0.497,0.401,8.3,15.2,11.7,7.1,0.9,2.6,16.4
Metta World Peace,Active,SF,0.415,13.5,7.8,18.8,1.9,5.7,5.9,13.1,4.3,6,0.715,4.4,2.9,0.9,3,4.3,21.8,0.508,0.319,4.3,12,8.1,14.5,2.9,1.2,12.2
Meyers Leonard,Active,C,0.461,15.5,6.7,14.6,2.1,5.8,4.6,8.8,1.9,2.3,0.825,2.5,0.5,1.1,2.2,7.3,17.5,0.561,0.16,5.2,20.8,13,7.5,0.5,1.6,12.3
Michael Beasley,Active,PF,0.458,12,11.3,24.6,1.1,3.2,10.2,21.4,4.1,5.4,0.758,2.8,1.3,1.1,3.7,4.8,27.7,0.514,0.22,5.3,17.8,11.6,9.7,1.3,1.7,12.1
Michael Carter-Williams,Active,PG,0.407,10.3,8.1,20,0.9,3.4,7.3,16.6,4.4,6.3,0.696,9,2.5,1,5.1,4.5,21.6,0.473,0.317,3.6,15.7,9.5,30.3,2.5,1.6,18.2
Michael Kidd-Gilchrist,Active,SF,0.47,7.9,6.7,14.3,0,0.2,6.7,14,3.9,5.4,0.712,2.5,1.4,1.5,1.9,4.2,17.3,0.52,0.38,7.4,19.1,13.1,7.9,1.4,2.4,10.4
Mickael Gelabale,Inactive,SF,0.47,13.1,5.8,12.3,0.9,3,4.8,9.3,2.2,2.7,0.815,2.5,1.1,0.8,2,4.1,14.7,0.545,0.221,5.2,11.2,8.2,7.5,1.1,1.1,13
Mickael Pietrus,Inactive,SF,0.425,16.4,6.9,16.3,2.9,8.2,4,8.2,3,4.5,0.665,1.9,1.6,1,2.5,5.4,19.8,0.54,0.276,4,12.1,8.1,5.9,1.6,1.4,11.9
Mike Conley,Active,PG,0.443,13.3,8.3,18.7,2.1,5.5,6.2,13.2,4.3,5.3,0.815,9.2,2.4,0.3,3.3,3.2,22.9,0.545,0.283,1.5,9.1,5.3,28.6,2.4,0.5,13.5
Mike Dunleavy,Active,SF,0.441,16,7.3,16.7,2.4,6.5,4.9,10.2,3.5,4.4,0.803,4.1,1.3,0.6,2.6,3.7,20.6,0.555,0.261,2.8,14.3,8.5,13,1.3,0.9,12.1
Mike Harris,Inactive,PF,0.464,8.6,7.4,16,0,0.5,7.4,15.4,4.5,5.8,0.782,1.3,2.9,1.3,3.2,7.2,19.3,0.522,0.364,11.6,15.1,13.3,3.9,2.9,1.8,14.6
Mike James,Inactive,PG,0.417,15.1,7.9,18.9,2.5,6.7,5.3,12.2,3.3,4.1,0.802,7.6,1.7,0.1,3.3,4.4,21.6,0.521,0.218,1.7,9.1,5.4,24.6,1.7,0.2,13.7
Mike Miller,Active,SF,0.459,16.7,7.6,16.5,3,7.4,4.6,9.1,2.5,3.3,0.769,5,1.1,0.4,2.9,3.8,20.6,0.576,0.201,2.6,15.7,9.1,15.8,1.1,0.6,14.1
Mike Muscala,Active,C,0.505,12.5,7.1,14.1,1.3,3.4,5.8,10.7,2.3,2.8,0.817,3.2,1.2,1.9,2.3,4.9,17.8,0.582,0.199,8.3,15,11.7,9.9,1.2,3.2,12.9
Mike Scott,Active,PF,0.46,13.4,8.9,19.4,2.3,6.8,6.7,12.7,3.1,3.9,0.786,3,1,0.4,2.2,4.1,23.2,0.549,0.202,5.6,16.2,11,9.7,1,0.6,9.5
Miles Plumlee,Active,C,0.53,3.9,6.7,12.7,0,0,6.7,12.7,1.7,3.1,0.564,1.3,1.4,2.4,2.6,4.9,15.2,0.541,0.243,11.2,20.6,15.9,3.8,1.4,3.9,15.6
Mindaugas Kuzminskas,Active,SF,0.428,13.2,7.8,18.2,2.7,8.3,5.1,9.9,2.7,3.3,0.809,3.4,1.4,0.5,2.5,3.9,20.9,0.533,0.184,5,8.4,6.7,10.3,1.4,0.9,11.3
Miroslav Raduljica,Inactive,C,0.53,4,7.6,14.3,0,0,7.6,14.3,5,6.1,0.825,2.5,0.9,1.4,3.2,9.8,20.2,0.594,0.425,12.7,13.8,13.3,7.9,0.9,2.2,15.9
Mirza Teletovic,Active,PF,0.405,18.9,8.2,20.3,4.7,12.9,3.5,7.4,2.2,2.9,0.755,2.4,0.9,0.7,2.3,4.9,23.3,0.542,0.143,3.8,17,10.4,7.8,0.9,1.2,9.5
Mitch McGary,Inactive,PF,0.527,6.1,8.9,16.9,0,0.5,8.9,16.4,2.6,4.5,0.58,1.5,1.5,1.6,3.4,7.4,20.4,0.54,0.266,11.2,23.8,17.6,4.8,1.5,2.5,15.3
Mo Williams,Inactive,PG,0.434,16.3,8.9,20.5,2.4,6.4,6.5,14.2,3.4,3.9,0.871,8.8,1.6,0.3,4.1,4.4,23.7,0.532,0.192,2,9.1,5.5,28.1,1.6,0.4,15.5
Monta Ellis,Active,SG,0.451,12.6,9.8,21.8,1.3,4,8.6,17.8,4.6,6,0.772,6.6,2.4,0.5,3.9,3.4,25.6,0.523,0.273,1.9,9.1,5.5,21.6,2.4,0.8,13.6
Montrezl Harrell,Active,C,0.651,3.7,9.5,14.6,0,0.3,9.4,14.3,3.3,5.6,0.599,2.7,1,1.8,2,5.8,22.3,0.656,0.384,8,13.5,10.8,9,1,3,10.7
Myles Turner,Active,C,0.506,11.5,9,17.9,0.5,1.6,8.5,16.2,4.3,5.4,0.785,1.9,1.3,3.3,2.2,5.4,22.9,0.565,0.303,6,20.1,13.1,6,1.3,5.6,9.8
Nando De Colo,Inactive,SF,0.429,14.3,6.1,14.2,1.8,4.9,4.3,9.3,2.4,2.9,0.835,7.3,2.3,0.4,4.2,4.9,16.4,0.528,0.201,3.1,13.5,8.6,21,2.3,0.6,21.3
Nate Robinson,Inactive,PG,0.423,15.6,9.2,21.7,3,8.4,6.2,13.3,4,5.1,0.796,6.8,2,0.2,3.3,5.5,25.4,0.531,0.234,3.1,8.9,6,22.6,2,0.2,12
Nate Wolters,Inactive,PG,0.426,10,6.4,15,0.6,2.3,5.8,12.6,2,3.2,0.635,7,1.4,0.6,2.3,2.9,15.4,0.47,0.215,2.9,10.7,6.7,21.5,1.4,0.9,12.5
Nazr Mohammed,Inactive,C,0.489,5.8,8,16.5,0,0,8,16.5,3.4,5.3,0.64,1.3,1.4,2.1,3.1,7.2,19.4,0.516,0.324,13.3,21,17.2,4,1.4,3,14
Nemanja Bjelica,Active,PF,0.442,14.9,5.8,13.2,2.3,6.7,3.5,6.5,1.9,2.6,0.733,3.6,1.5,0.9,2.4,6.9,15.9,0.554,0.196,5.4,17.9,11.7,10.5,1.5,1.5,14.2
Nene Hilario,Active,C,0.548,5.8,8.4,15.4,0,0.1,8.4,15.3,5.2,7.9,0.661,3.5,2.1,1.5,3.5,5.8,22.1,0.585,0.511,7.6,18.6,13.2,11.4,2.1,2.2,15.6
Nerlens Noel,Active,C,0.511,5.2,7.4,14.5,0,0,7.4,14.4,3.3,5.3,0.618,2.8,3,2.7,3.3,4.9,18.1,0.538,0.367,8.6,21.7,14.9,9.7,2.9,4.4,16.5
Nick Calathes,Inactive,SG,0.441,10.2,6.5,14.7,0.8,2.7,5.7,11.9,1.8,3.1,0.581,9.3,3.4,0.3,4.3,5.7,15.5,0.484,0.21,2.4,11.7,7,26.5,3.4,0.5,21
Nick Collison,Active,PF,0.533,6.2,6.1,11.5,0.1,0.3,6,11.2,2.5,3.5,0.726,2.6,1.2,1.3,2.4,6.9,14.8,0.569,0.303,11.1,17.9,14.5,7.6,1.2,1.9,15.7
Nick Young,Active,SG,0.419,17.2,9.2,22,3.1,8.3,6.1,13.7,4.5,5.4,0.835,2.2,1.2,0.4,2.3,4.1,26,0.534,0.245,1.8,8.2,4.9,7.4,1.2,0.7,8.6
Nicolas Batum,Active,SF,0.436,16.6,7,16.1,2.7,7.5,4.4,8.6,3.1,3.7,0.84,6,1.6,1.1,3.1,3,19.9,0.559,0.229,3.9,15.2,9.5,18.1,1.6,1.7,14.8
Nicolas Brussino,Active,SF,0.369,21,5.2,14.1,2.9,9.5,2.3,4.6,1.7,2.2,0.773,4.7,1.7,0.8,2.6,4.3,15,0.498,0.156,5.5,16.2,10.6,13.9,1.7,1.4,14.7
Nik Stauskas,Active,SG,0.386,17.1,5.5,14.2,2.7,8,2.7,6.2,2.6,3.2,0.807,3.8,1,0.7,2.5,3.4,16.2,0.522,0.225,1.2,9.6,5.3,11.8,1,1.1,13.9
Nikola Jokic,Active,C,0.551,8.7,10.5,19.1,1,2.9,9.5,16.1,4.5,5.5,0.818,7.2,1.8,1.4,3.6,5.5,26.4,0.616,0.287,11.5,26,18.8,23.9,1.8,2.2,14.4
Nikola Mirotic,Active,PF,0.409,17,7.7,18.9,3.7,10.6,4,8.4,4.8,6,0.798,2.8,1.7,1.6,2.8,4.6,24,0.555,0.319,4,20.6,12.4,8.7,1.7,2.3,11.3
Nikola Pekovic,Inactive,C,0.518,3.7,9.9,19.1,0,0,9.9,19.1,5.8,7.7,0.76,1.5,1.1,1.1,3.1,4.7,25.6,0.57,0.403,13,17.1,15,5.1,1.1,1.7,12.2
Nikola Vucevic,Active,C,0.502,9.4,11.1,22.1,0.1,0.4,11,21.7,2.5,3.5,0.719,3.5,1.4,1.5,2.9,4.6,24.9,0.526,0.16,10.5,26.8,18.5,12.1,1.4,2.4,10.9
Noah Vonleh,Active,PF,0.444,8.3,5.1,11.6,0.4,1.5,4.7,10.1,2.1,3.2,0.678,1.2,1.1,1.1,2.3,6,12.8,0.496,0.274,10.1,21.6,15.8,3.4,1.1,1.8,15.2
Nolan Smith,Inactive,PG,0.371,13.5,6.9,18.7,1.2,4.6,5.7,14,2.5,3.6,0.714,6.2,1.6,0.3,4.5,5.1,17.6,0.435,0.19,3.3,8.4,5.8,18.8,1.6,0.4,18.2
Norman Powell,Active,SG,0.441,12.4,7.9,17.9,2.2,6.4,5.7,11.5,4.1,5.2,0.797,3.1,2,0.6,2.5,4.5,22.2,0.549,0.288,2.3,12.8,7.6,9.7,2,1,11
Norris Cole,Active,PG,0.407,13.5,6.5,16.1,1.3,4.2,5.2,11.9,1.9,2.5,0.743,6.4,1.8,0.2,3.4,4.4,16.3,0.475,0.158,1.2,9.1,5.2,18.8,1.8,0.3,16.4
O.J. Mayo,Inactive,SG,0.429,15.8,8.6,20.1,2.6,7,6,13.1,3.4,4.1,0.82,4.9,1.7,0.4,3.5,3.8,23.2,0.53,0.206,2,9.8,5.9,15.6,1.7,0.7,13.7
Omer Asik,Active,C,0.529,2.2,5.3,10,0,0,5.3,10,3.3,5.9,0.554,1.6,0.9,1.9,3,5.1,13.9,0.55,0.592,13,28.2,20.7,4.5,0.9,2.8,19.3
Omri Casspi,Active,SF,0.443,13,7.1,16.1,2.2,6,4.9,10.1,2.9,4.4,0.675,2.8,1.5,0.5,2.5,3.8,19.4,0.539,0.271,4.5,17,10.7,8.6,1.5,0.8,12.3
Orlando Johnson,Inactive,SG,0.358,15.7,5.5,15.4,2.2,7.1,3.3,8.3,2.3,3.1,0.727,3.2,0.9,0.7,2.3,4,15.5,0.462,0.202,3.4,14.4,9,9.9,0.9,1,11.9
Otto Porter,Active,SF,0.481,15.5,7.2,15,2.1,5.5,5.1,9.5,1.9,2.5,0.774,2.4,2,0.8,1.3,3.6,18.5,0.574,0.168,5.2,14.9,10,7,2,1.3,7.7
P.J. Hairston,Inactive,SF,0.343,18,5.9,17.2,3,10.3,2.9,6.9,2.1,2.5,0.81,1.5,1.3,0.6,1.6,5,16.9,0.46,0.148,2.5,12.4,7.3,4.6,1.4,1,8
P.J. Tucker,Active,SF,0.432,12,5.1,11.7,1.4,3.9,3.7,7.8,2.2,2.9,0.751,2.8,2.1,0.4,1.9,4,13.7,0.527,0.248,6.6,16.2,11.3,8.1,2.1,0.7,12.8
Pablo Prigioni,Inactive,PG,0.425,19.7,3.8,9,2.3,6.1,1.5,2.9,0.9,1,0.872,8.8,3.1,0.1,2.9,4.9,10.8,0.574,0.109,3.6,9.2,6.3,24.4,3.1,0.1,23.8
Pascal Siakam,Active,PF,0.502,7,6.1,12.1,0.1,0.4,6,11.7,1.3,1.9,0.688,1,1.5,2.7,1.9,6.4,13.5,0.523,0.156,8.4,15.9,12.2,2.9,1.5,4.5,13.1
Pat Connaughton,Active,SG,0.413,14.4,5.4,13.1,2.4,5.9,3,7.3,1.3,1.5,0.857,4.1,0.9,0.2,2.9,3.1,14.5,0.527,0.116,5,15.2,10.1,11.8,0.9,0.3,17.5
Patrick Beverley,Active,PG,0.414,16.1,5.7,13.9,2.8,7.5,2.9,6.3,1.8,2.3,0.764,5.8,2.2,0.7,2.3,5.3,16.1,0.54,0.165,4.8,11,7.9,17.5,2.2,1.1,13.3
Patrick McCaw,Active,SG,0.433,15.4,4.7,11,1.8,5.5,2.9,5.5,1.3,1.7,0.784,3.4,1.4,0.7,1.6,2.8,12.6,0.54,0.151,2.3,7.6,5.1,9,1.4,1.1,12.1
Patrick Patterson,Active,PF,0.459,14.5,6.8,14.8,1.8,5,5,9.8,1.4,1.8,0.744,2.6,1.3,1.1,1.6,4,16.8,0.538,0.123,7,15.4,11.2,7.8,1.3,1.7,9.4
Patty Mills,Active,PG,0.436,18.3,8.9,20.3,4.1,10.3,4.8,10,2,2.4,0.833,6.6,1.9,0.2,2.8,3.6,23.8,0.557,0.118,2.2,7.9,5.1,20,1.9,0.3,11.5
Pau Gasol,Active,C,0.51,7.7,10.2,20.1,0.2,0.5,10.1,19.6,6.1,8.1,0.754,4.9,0.8,2.5,3.4,3.3,26.7,0.566,0.404,8.6,21.7,15.3,16.5,0.8,3.5,12.5
Paul George,Active,SF,0.432,15.8,9.7,22.4,3.1,8.5,6.6,14,5.7,6.8,0.85,5,2.6,0.7,4,4.2,28.3,0.556,0.301,3,18.1,10.7,16.9,2.6,1,13.6
Paul Millsap,Active,PF,0.493,8.9,9.3,18.9,0.7,2.1,8.6,16.8,5.4,7.3,0.736,4,2.3,1.8,3.2,5.5,24.7,0.558,0.386,9.1,20.3,14.7,13,2.3,2.8,12.5
Paul Pierce,Active,SF,0.446,14.3,9.8,22.1,2.4,6.6,7.4,15.5,7.9,9.7,0.806,5.3,2,0.8,4,4.1,30,0.568,0.441,2.8,16.2,9.6,18.7,2,1.3,13.2
Paul Zipser,Active,SF,0.398,16.5,5.3,13.2,2,5.9,3.3,7.3,1.9,2.4,0.775,2.2,0.9,1,2.4,4.7,14.3,0.503,0.181,1.9,14.2,8,6.1,0.9,1.5,14.4
Pero Antic,Inactive,C,0.392,17.6,6,15.3,2.8,8.9,3.2,6.4,3.6,4.9,0.73,2.8,1,0.7,2.7,6.7,18.4,0.526,0.32,6.9,16.3,11.7,8.3,1,1.1,13.4
Perry Jones,Inactive,SF,0.42,12.9,5.9,14,1.1,3.7,4.8,10.3,1.9,2.8,0.66,1.6,1.1,1,1.8,4.1,14.7,0.483,0.203,3.3,13.1,8.4,4.7,1.1,1.6,10.6
Phil Pressey,Inactive,PG,0.341,14.6,4.3,12.7,1.2,4.8,3.1,7.9,1.9,3,0.63,10.9,2.9,0.4,4,4.5,11.7,0.419,0.236,1.9,10.2,6,31.4,2.9,0.6,22.4
Quentin Richardson,Inactive,SF,0.397,15.1,7.4,18.5,2.9,8.3,4.4,10.2,2.6,3.6,0.718,2.9,1.5,0.4,2.2,3.8,20.2,0.503,0.193,5.2,14.9,10.1,9,1.5,0.5,9.8
Quincy Acy,Active,PF,0.482,11.6,5.8,12,1,2.8,4.8,9.2,3.1,4.1,0.75,2,1.4,1.3,2,6.4,15.7,0.567,0.339,7.6,18.4,12.9,6.1,1.4,2.1,12.7
Quincy Miller,Inactive,PF,0.35,14.1,5.6,16.1,1.7,6,3.9,10.2,2.5,3.6,0.706,2,1.6,2,2.8,4.3,15.6,0.439,0.222,4.7,14.9,9.8,5.8,1.6,2.9,13.8
Quincy Pondexter,Inactive,SF,0.424,14.9,5.6,13.1,2.1,5.8,3.4,7.3,2.2,3,0.732,2.4,1.1,0.5,1.6,4.4,15.5,0.535,0.228,4.2,9,6.6,6.9,1.1,0.7,10.1
Rajon Rondo,Active,PG,0.463,9.5,7.1,15.4,0.5,1.8,6.6,13.6,2.3,3.7,0.606,13.6,2.9,0.2,4.6,3.6,17.1,0.5,0.242,4.1,13.3,8.8,41.5,2.9,0.3,21.4
Ramon Sessions,Active,PG,0.436,9,7.7,17.7,0.7,2.1,7.1,15.6,6.8,8.6,0.792,8.9,1.5,0.2,3.7,3,22.8,0.533,0.484,2.4,10.9,6.5,28.8,1.5,0.3,14.8
Randy Foye,Active,SG,0.401,17.1,7.2,18,2.9,8,4.3,9.9,3.2,3.8,0.852,5.6,1.4,0.6,2.9,4.2,20.6,0.524,0.212,1.5,8.6,5,17.5,1.4,0.9,13
Rashad Vaughn,Active,SG,0.327,17.2,4.8,14.7,2.4,8,2.4,6.8,0.5,0.7,0.7,2.2,1.7,0.9,1.5,3.7,12.5,0.417,0.047,1.2,9.5,5.4,6.1,1.7,1.5,8.9
Rashard Lewis,Inactive,SF,0.451,14.9,8.9,19.6,2.8,7.3,6.1,12.3,3.9,4.9,0.805,2.8,1.8,0.9,2.5,3.8,24.5,0.563,0.249,5,13.9,9.5,8.9,1.8,1.2,10.2
Rasheed Wallace,Inactive,PF,0.447,14.5,9.4,20.2,1.6,4.8,7.8,15.3,3.4,4.7,0.721,3,1.6,2.2,2.5,4.9,23.8,0.536,0.234,5.2,18.8,12.1,9.6,1.6,3,10.2
Rasual Butler,Inactive,SF,0.403,17.8,7.1,17.5,2.8,7.8,4.3,9.8,1.8,2.5,0.747,2,0.9,1.3,1.6,3.5,18.8,0.505,0.14,2,11.1,6.6,6.3,0.9,1.9,8
Raul Neto,Active,PG,0.434,14.1,6.3,14.5,2.1,5.5,4.2,9,1.7,2.3,0.759,5.9,2.4,0.2,3.5,4.9,16.4,0.53,0.155,1.3,8.1,4.7,18,2.4,0.3,18.6
Ray Allen,Inactive,SG,0.455,16.3,9.8,21.7,3.4,8.5,6.4,13.2,5,5.6,0.894,5,1.7,0.3,3.1,3.3,28,0.58,0.26,3.2,10.3,6.8,16.5,1.7,0.4,11.4
Ray McCallum,Inactive,PG,0.408,12.9,6.7,16.5,1.3,3.8,5.5,12.7,1.8,2.6,0.711,6.6,1.4,0.5,2.7,3.4,16.6,0.47,0.155,3.2,9.1,6.2,20.7,1.4,0.8,13.1
Raymond Felton,Active,PG,0.413,13.8,7.4,17.9,1.6,4.9,5.8,13,3.2,4.1,0.788,9.3,2.1,0.4,3.7,3.4,19.5,0.497,0.228,2.2,9.4,5.8,29.3,2.1,0.6,15.8
Reggie Bullock,Active,SF,0.393,18.4,5.1,12.9,2.7,7.6,2.4,5.3,1,1.2,0.8,2.4,1.5,0.3,1.2,3,13.8,0.514,0.096,2.6,13.5,8,6.6,1.5,0.5,8.2
Reggie Evans,Inactive,PF,0.465,3,3.8,8.1,0,0,3.8,8,3.6,6.9,0.528,1.6,1.9,0.4,3,6.4,11.2,0.502,0.856,15,28.7,21.9,4.3,1.9,0.6,21.5
Reggie Jackson,Active,PG,0.431,12.7,9.5,22.1,1.9,6,7.6,16.1,4.2,4.9,0.86,9,1.5,0.2,4,3.8,25.2,0.519,0.222,2.4,11.2,6.9,29.6,1.5,0.4,14.1
Reggie Williams,Active,SF,0.456,15.6,8.1,17.8,2.7,7.4,5.4,10.4,2.7,3.6,0.75,4.1,1.2,0.2,1.9,3.3,21.6,0.558,0.204,3.1,12,7.5,13,1.2,0.3,9
Richard Hamilton,Inactive,SG,0.451,12.8,11,24.4,1,2.8,10,21.6,6,7,0.852,5.7,1.3,0.2,3.6,4.3,28.9,0.525,0.286,3.1,8.3,5.7,19.9,1.3,0.3,11.7
Richard Jefferson,Active,SF,0.464,12.7,7.9,17,1.6,4.2,6.3,12.7,5.5,7.1,0.768,3.7,1.2,0.5,2.7,4,22.8,0.567,0.418,3.1,12.9,8,12,1.2,0.8,11.9
Richaun Holmes,Active,C,0.543,8.3,8.9,16.3,0.9,3.1,8,13.2,3.2,4.6,0.695,2.3,1.6,2.4,2.2,5.9,21.8,0.594,0.279,8.9,17,12.9,8.2,1.6,3.9,10.9
Ricky Rubio,Active,PG,0.375,14.3,5.1,13.6,1.1,3.4,4.1,10.2,5.1,6.2,0.83,13.5,3.4,0.2,4.4,4.1,16.5,0.503,0.454,2.5,12.8,7.6,39.2,3.4,0.3,21.2
Robbie Hummel,Inactive,SF,0.418,17.9,5.2,12.5,1.7,5,3.5,7.5,1.4,1.6,0.867,1.8,1.1,0.4,1,5.1,13.6,0.514,0.129,5.1,16.5,10.6,5.3,1.1,0.6,7.1
Robert Covington,Active,SF,0.393,17.4,7.1,18.1,3.9,11.1,3.2,7.1,3.8,4.7,0.812,2.5,2.7,1.1,3.3,5.1,22,0.544,0.257,4,17.8,10.7,8.5,2.7,1.8,14.1
Robert Sacre,Inactive,C,0.436,8.8,5.8,13.3,0,0,5.8,13.3,2.7,4.1,0.671,2.3,1,2,1.9,6.1,14.3,0.475,0.309,8.2,15.3,11.7,7,1,3.1,11
Robin Lopez,Active,C,0.526,5.8,8.1,15.3,0,0,8.1,15.3,3.5,4.6,0.761,1.5,0.6,2.8,2.3,4.7,19.6,0.565,0.297,12.3,14.4,13.4,4.8,0.6,4.2,11.8
Rodney Hood,Active,SG,0.415,16.4,8.5,20.4,3.4,9.4,5.1,11,3.3,4,0.818,4,1.4,0.4,2.4,4.6,23.6,0.533,0.196,1.4,11.5,6.5,12.9,1.4,0.6,9.7
Rodney McGruder,Active,SG,0.413,15.2,4.9,11.8,1.9,5.6,3,6.2,1.1,1.8,0.62,3.2,1.2,0.5,1.4,3.6,12.7,0.506,0.154,5.2,9.2,7.2,8.8,1.2,0.7,10.2
Rodney Stuckey,Active,PG,0.423,10.9,8.6,20.3,0.8,2.7,7.8,17.6,6.2,7.5,0.824,6.9,1.7,0.3,3.5,4,24.2,0.512,0.371,2.7,9.9,6.2,21.9,1.7,0.4,12.9
Rodrigue Beaubois,Inactive,PG,0.439,14,9,20.6,2.3,7.1,6.7,13.4,2.8,3.4,0.81,6.7,2.2,0.9,3.7,5.6,23.1,0.524,0.165,1.9,11.2,6.6,21.5,2.2,1.4,14.3
Roger Mason,Inactive,SG,0.408,20,7,17.1,3.5,9,3.5,8.1,1.8,2,0.866,3.9,1.1,0.4,2.2,4.1,19.1,0.533,0.119,1,10.5,5.8,11.7,1.1,0.6,10.7
Ron Baker,Active,SG,0.378,14.3,4.8,12.7,1.3,5,3.4,7.6,1.6,2.5,0.651,6.2,2,0.5,3.3,4.3,12.5,0.456,0.198,1.5,10.8,6.2,17.3,2,0.8,19.2
Rondae Hollis-Jefferson,Active,SF,0.438,8.2,6,13.8,0.4,1.6,5.7,12.1,4.6,6.2,0.744,4,2.5,1.2,2.9,4.8,17.1,0.517,0.449,6.1,21.2,13.7,12.6,2.5,1.9,14.9
Ronnie Brewer,Inactive,SF,0.49,10,7,14.3,0.4,1.6,6.6,12.7,3.4,5,0.675,3.7,2.8,0.5,1.8,2.5,17.8,0.539,0.347,4.7,9.8,7.3,10.9,2.8,0.8,9.6
Ronnie Price,Active,PG,0.373,15.8,5.2,13.8,1.7,5.7,3.5,8.2,2.1,2.8,0.738,6.7,3,0.4,3.3,6.4,14.1,0.467,0.202,2.8,7.7,5.2,19.3,3,0.6,18.1
Ronny Turiaf,Inactive,C,0.533,6.8,5.3,10,0,0,5.3,10,3.1,4.9,0.636,3.9,1.1,3.7,2.2,7,13.8,0.566,0.487,7.4,17.3,12.4,11,1.1,5.4,15.5
Roy Hibbert,Active,C,0.465,7.2,8.2,17.6,0,0.1,8.2,17.6,4.3,5.6,0.755,2.8,0.8,3.6,3.2,6.5,20.7,0.514,0.319,10.4,17.8,14.1,9.2,0.8,5.3,13.9
Royal Ivey,Inactive,SG,0.406,14.2,5.3,13.1,1.4,3.8,3.9,9.3,2,2.9,0.706,4.3,2,0.3,2.2,6.5,14,0.489,0.218,2.7,8,5.3,12.6,2,0.5,13.2
Rudy Gay,Active,SF,0.452,12.4,10.1,22.2,1.5,4.4,8.5,17.8,4.9,6.2,0.796,3.3,1.9,1.2,3.5,3.6,26.6,0.532,0.279,4.8,14.5,9.6,11.2,1.9,1.8,12.2
Rudy Gobert,Active,C,0.612,1.8,6.6,10.7,0,0,6.6,10.7,4.9,8,0.614,2.2,1.2,4.2,2.9,4.6,18,0.633,0.741,13.5,28.3,21,6.7,1.2,6.5,17.1
Russell Westbrook,Active,PG,0.433,11.4,11.7,26.9,1.6,5,10.1,21.9,8.8,10.8,0.823,11.8,2.6,0.4,5.8,3.6,33.8,0.533,0.399,5.7,14.5,10.2,41.5,2.6,0.7,15.6
Ryan Anderson,Active,PF,0.422,16.8,8.9,21.1,4.2,11,4.7,10.1,3.8,4.4,0.861,1.8,1.1,0.7,1.9,3.9,25.8,0.56,0.21,8.8,14.9,11.8,5.8,1.1,1.1,7.8
Ryan Gomes,Inactive,SF,0.445,14.2,7.3,16.4,1.3,3.7,6,12.7,3.1,3.9,0.799,2.7,1.4,0.3,2.1,3.6,19,0.525,0.239,5.3,14.3,9.7,8.6,1.4,0.4,10.5
Ryan Hollins,Inactive,C,0.584,4.8,5.8,9.9,0,0,5.8,9.9,4.5,7,0.649,1.3,0.8,2.3,3.2,8.7,16,0.62,0.705,8.5,12.8,10.7,3.8,0.8,3.5,19.9
Ryan Kelly,Active,PF,0.378,15,5.2,13.7,1.6,5.2,3.5,8.5,3.7,4.6,0.797,3.4,1.3,1.3,1.7,4.9,15.6,0.498,0.338,2.6,15.1,8.7,10.2,1.3,2,9.7
Salah Mejri,Active,C,0.637,3.1,5.4,8.5,0,0.2,5.4,8.4,2.5,4.2,0.589,1,1.6,3.9,2.5,8.2,13.4,0.645,0.498,11.7,26.7,18.9,2.8,1.6,6.5,19.4
Sam Dekker,Active,SF,0.473,12.6,6.8,14.5,2,6.3,4.8,8.2,1.3,2.3,0.559,2.6,1.3,0.7,1.4,2.8,17,0.549,0.159,7.2,14.6,10.9,7.7,1.3,1.2,8.2
Sam Young,Inactive,SF,0.442,10.7,7.4,16.7,0.6,2.3,6.7,14.4,3.5,4.7,0.742,2.4,1.8,0.7,2.7,4.1,18.9,0.504,0.284,4.8,12,8.4,7,1.8,1.1,12.5
Samardo Samuels,Inactive,C,0.445,6.9,7.2,16.1,0,0.1,7.2,16,5,7.6,0.653,1.4,1.1,1.2,3.5,7,19.3,0.497,0.472,9.5,15,12.2,4.4,1.2,1.8,15.2
Samuel Dalembert,Inactive,C,0.521,5.8,6.8,13,0,0,6.8,13,2.9,4.1,0.706,1.1,1.1,3.7,3.1,6.3,16.5,0.555,0.313,12.2,25.3,18.7,3.4,1.1,5.6,17.2
Sasha Pavlovic,Inactive,SG,0.404,14.4,6.4,15.9,1.8,5.3,4.6,10.5,2,3,0.673,3.1,1.6,0.6,2.8,6.1,16.7,0.485,0.19,2.5,10.8,6.6,9.4,1.6,0.9,13.8
Sasha Vujacic,Active,SG,0.39,20,6.2,16,3.1,8.4,3.1,7.6,2.4,2.8,0.858,4.3,2,0.2,1.9,5.1,18,0.521,0.174,2.6,11.3,7,12.8,1.9,0.3,10
Sean Kilpatrick,Active,SG,0.424,14.7,8.6,20.2,2.9,8.6,5.7,11.6,5.3,6.2,0.856,3.8,1.2,0.2,3.3,3.1,25.4,0.553,0.305,1.6,13.3,7.5,12.8,1.2,0.3,12.6
Sebastian Telfair,Inactive,PG,0.39,14.6,6.7,17.1,1.6,4.9,5.1,12.2,3.2,4.1,0.777,8.5,1.8,0.3,3.7,5.2,18,0.478,0.24,1.4,7.2,4.3,25.8,1.8,0.5,16.4
Semaj Christon,Active,PG,0.345,14.1,3.9,11.2,0.6,3.2,3.3,8.1,0.9,1.6,0.548,6.6,1.4,0.4,2.2,4,9.2,0.387,0.139,2.2,7.8,4.9,18.1,1.4,0.6,15.4
Serge Ibaka,Active,PF,0.516,11.6,8.8,17,0.9,2.4,7.9,14.6,2.5,3.3,0.757,1.1,0.8,4.1,2.2,4.9,20.9,0.567,0.194,9.4,18.7,14.2,3.5,0.8,6.2,10.9
Sergey Karasev,Inactive,SF,0.395,15.9,4.4,11.2,1.4,5.1,3,6.1,3,3.5,0.842,4,1.5,0.2,2.6,4.3,13.2,0.519,0.313,3,11.2,7.1,11.3,1.5,0.3,17.1
Sergio Rodriguez,Active,PG,0.409,14.8,6.7,16.3,2,5.9,4.7,10.4,1.9,2.6,0.739,11.7,2.1,0.1,4.9,4.4,17.3,0.495,0.158,2.7,9,5.8,35.4,2.1,0.2,21.8
Seth Curry,Active,PG,0.473,17.4,8.2,17.3,3.5,8.1,4.7,9.3,2.4,2.9,0.844,4.8,1.9,0.2,2.4,3.1,22.3,0.6,0.165,1.4,9,5,15.4,1.9,0.3,11.3
Shabazz Muhammad,Active,SF,0.476,9.7,9.9,20.9,1.3,4.2,8.6,16.7,5.4,7.2,0.749,1.6,0.8,0.2,2.1,2.9,26.6,0.553,0.343,7.1,11.3,9.2,5.4,0.8,0.4,7.9
Shabazz Napier,Active,PG,0.373,18.3,5.5,14.8,2.7,7.6,2.8,7.2,2.8,3.6,0.767,7.1,2.3,0.2,4.1,3.7,16.4,0.503,0.245,1.9,10.5,6.2,20.7,2.3,0.3,19.9
Shane Battier,Inactive,SF,0.437,15.5,5.3,12,2.2,5.7,3.1,6.3,2.1,2.8,0.743,3,1.7,1.6,1.5,3.9,14.8,0.559,0.236,5,10.8,7.9,8.8,1.7,2.3,10.4
Shane Larkin,Inactive,PG,0.43,12.8,5.8,13.4,1.1,3.3,4.7,10.2,2,2.6,0.762,8,2.7,0.3,3.4,4,14.7,0.502,0.196,1.9,9.4,5.5,23.7,2.7,0.4,18.7
Shannon Brown,Inactive,SG,0.42,14.9,8.5,20.3,2,5.9,6.6,14.4,3.2,3.9,0.807,3.3,2,0.6,2.7,3.8,22.2,0.503,0.194,2.8,9,5.9,10.2,2,0.9,10.9
Shaun Livingston,Active,PG,0.483,9.7,6.3,13.1,0,0.2,6.3,12.9,2.8,3.6,0.793,7.6,1.8,0.9,3.2,4.4,15.6,0.529,0.271,3.2,9.9,6.6,22.6,1.8,1.4,17.8
Shavlik Randolph,Inactive,PF,0.449,3.5,5.6,12.4,0,0.3,5.5,12.1,3.5,6.4,0.544,1.6,1.9,1.6,2.5,8.3,14.7,0.482,0.519,14.8,20.5,17.7,4.6,1.9,2.4,14.3
Shawn Marion,Inactive,SF,0.485,9.9,9.4,19.3,1,3.1,8.3,16.3,3,3.7,0.81,2.8,2.3,1.6,2.2,3.3,22.7,0.542,0.191,7.8,20.5,14.3,9.1,2.3,2.2,9.7
Shawne Williams,Inactive,SF,0.403,17,6.1,15.2,2.6,7.7,3.5,7.6,1.8,2.4,0.755,2.1,1.2,1.5,1.9,6.2,16.7,0.513,0.159,5.2,14.8,9.9,6.4,1.2,2.2,10.2
Shelvin Mack,Active,PG,0.426,13.9,7.4,17.3,1.9,5.8,5.5,11.5,2.1,2.8,0.748,8.6,1.8,0.1,3.6,3.5,18.7,0.505,0.164,1.5,10.7,6.2,26.8,1.8,0.2,16.3
Solomon Hill,Active,SF,0.4,13.9,4.7,11.7,1.7,4.9,3,6.7,2.6,3.2,0.822,3.4,1.5,0.5,2.1,3.8,13.6,0.52,0.272,3.2,12.2,7.7,9.9,1.5,0.9,13.8
Solomon Jones,Inactive,PF,0.467,7.2,5.1,10.9,0,0.2,5,10.7,4,5.5,0.717,1.7,1,2.6,2.7,9.3,14.1,0.531,0.51,9.6,14.8,12.2,4.9,1,3.8,16.9
Sonny Weems,Inactive,SG,0.465,12.5,7.9,17,0.5,1.8,7.4,15.1,1.9,2.8,0.702,3.9,1.3,0.4,3,4.1,18.2,0.501,0.164,3.1,11,7.1,12,1.3,0.6,14.3
Spencer Dinwiddie,Active,PG,0.389,13.8,5.1,13.1,1.3,4.4,3.8,8.7,4.4,5.6,0.779,7.8,1.6,0.7,2.6,4.8,15.8,0.508,0.43,1.9,10.7,6.3,23.7,1.7,1.1,14.5
Spencer Hawes,Active,C,0.457,11.3,8.1,17.6,1.2,3.4,6.9,14.3,2.2,3.1,0.716,4.2,0.9,2.1,3.2,5.6,19.5,0.514,0.175,7.2,21.4,14.2,13.2,0.9,3.3,14.4
Stanley Johnson,Active,SF,0.367,14.7,5.8,15.9,1.8,5.9,4.1,10,1.9,2.6,0.748,3.7,1.8,0.6,3.1,4.9,15.4,0.451,0.161,3.2,14.9,8.8,10.6,1.8,1,15.2
Stephen Curry,Active,PG,0.476,17.6,11.4,23.9,4.7,10.8,6.6,13,4.9,5.5,0.901,9.7,2.5,0.3,4.5,3.6,32.4,0.616,0.229,2.3,11.3,6.9,32.4,2.5,0.5,14.6
Stephen Jackson,Inactive,SF,0.414,14.5,8.7,21,2.4,7.1,6.3,13.9,4.8,6,0.798,5,2.1,0.6,4.1,3.9,24.6,0.519,0.284,2.8,11.1,7,16.4,2.1,0.9,14.6
Steve Blake,Inactive,PG,0.401,20.1,5.2,13,2.6,6.8,2.6,6.1,1.3,1.6,0.779,8.7,1.5,0.2,3.1,3.2,14.3,0.521,0.126,1.4,8.6,5,25.1,1.5,0.2,18.4
Steve Nash,Inactive,PG,0.497,14.8,8.5,17.2,2.3,5.3,6.2,12,4.1,4.5,0.904,13.8,1.2,0.1,4.7,2.7,23.3,0.605,0.262,1.9,8.6,5.4,41.5,1.2,0.2,19.5
Steve Novak,Active,SF,0.437,23.5,7,15.9,5.3,12.4,1.6,3.5,0.9,1.1,0.877,1.2,0.8,0.4,0.8,3.4,20.2,0.616,0.066,1.4,10.9,6,3.8,0.8,0.5,4.4
Steven Adams,Active,C,0.568,3.2,6.4,11.2,0,0,6.4,11.2,3.1,5.4,0.571,1.7,1.4,2.1,2.7,5.7,15.8,0.582,0.477,12.9,16.8,14.9,5.1,1.4,3.3,16.6
T.J. McConnell,Active,PG,0.465,10.7,5.9,12.7,0.5,1.9,5.4,10.9,1.3,1.7,0.756,11.8,3,0.3,3.9,3.3,13.7,0.507,0.134,2.4,12.5,7.3,37.4,3,0.4,22.4
T.J. Warren,Active,SF,0.502,10.4,9.6,19.1,0.8,2.5,8.8,16.6,2.3,3.1,0.751,1.9,1.7,0.8,1.5,4.2,22.2,0.544,0.161,6.4,10.4,8.3,6.4,1.7,1.4,6.9
Taj Gibson,Active,PF,0.495,7.4,8.1,16.3,0,0.1,8,16.2,3.3,4.8,0.694,2,1.1,2.5,2.6,5.3,19.5,0.529,0.296,10.6,17.4,14,6.5,1.1,3.6,12.4
Tarik Black,Active,C,0.542,3.3,6.5,12,0,0.1,6.5,12,3,4.9,0.61,1.7,1.1,1.5,2.3,7.3,16,0.566,0.405,12.6,21.8,17.1,5.4,1.1,2.5,13.9
Taurean Waller-Prince,Active,SF,0.4,12.4,5.7,14.3,1.7,5.1,4.1,9.2,3.7,4.7,0.787,2.8,2.2,1.4,3.1,4.8,16.8,0.513,0.33,2.8,14.6,8.8,8.4,2.2,2.4,15.7
Tayshaun Prince,Inactive,SF,0.455,12.3,7.9,17.3,1,2.7,6.9,14.6,2.6,3.5,0.756,4.1,1,0.9,1.8,2.1,19.4,0.513,0.202,4.2,12.2,8.1,12.8,1,1.2,8.8
Terrel Harris,Inactive,SG,0.3,13.6,3.8,12.8,0.9,5.5,2.9,7.3,2.4,3.6,0.677,4.1,1.3,0.6,4.9,5.9,11.1,0.384,0.282,6.1,14.2,10.1,11.2,1.3,0.9,25.4
Terrence Jones,Active,PF,0.501,7.8,8.8,17.5,0.8,2.8,7.9,14.7,3.3,5.3,0.622,2.1,1.3,2.4,1.9,3.5,21.6,0.546,0.301,8,18.1,13.1,7,1.3,3.8,8.9
Terrence Ross,Active,SF,0.423,18.4,7.9,18.7,3.6,9.7,4.3,9,1.5,1.9,0.803,2,1.7,0.7,1.8,4,21,0.536,0.101,1.9,10.8,6.4,6.4,1.7,1.1,8.4
Terrence Williams,Inactive,SG,0.412,11.7,7.8,19,1,3.3,6.8,15.7,2.7,4.2,0.659,6.5,1.5,0.3,4,3.6,19.4,0.466,0.219,2.5,19.5,10.7,21.5,1.5,0.5,16
Terry Rozier,Active,PG,0.348,15,5.7,16.2,2,6.5,3.7,9.8,1.9,2.4,0.776,5.3,1.6,0.4,2.1,2.9,15.1,0.438,0.147,4.5,15.8,10.2,15.5,1.6,0.6,10.7
Thabo Sefolosha,Active,SG,0.446,13.2,5,11.2,1.3,3.7,3.7,7.5,1.7,2.4,0.732,3.3,2.4,1,2,3.8,13,0.532,0.212,3.8,14.8,9.5,9.5,2.4,1.5,14.2
Thaddeus Young,Active,PF,0.5,8.2,9.9,19.8,0.7,2.1,9.2,17.7,2.5,3.7,0.679,2.6,2.4,0.7,2.4,3.7,23,0.537,0.19,7.3,14.8,11,8.6,2.4,1,10.2
Thomas Robinson,Active,PF,0.47,5.5,7.7,16.3,0,0.1,7.7,16.2,3,5.9,0.505,2.3,1.9,1.3,3.8,6.5,18.3,0.484,0.361,14,25.7,19.8,7.2,1.9,2,16.8
Thon Maker,Active,C,0.459,13.4,7.5,16.4,2.5,6.7,5,9.7,2.9,4.4,0.653,2.1,0.9,2.3,1.5,7.6,20.4,0.558,0.271,8.4,15.2,11.8,6.2,0.9,4.1,7.7
Tiago Splitter,Active,C,0.555,3.4,8,14.5,0,0.1,8,14.4,5,7.2,0.697,3.2,1.5,1.6,2.9,5.1,21.1,0.598,0.496,10,19.5,14.9,9.5,1.5,2.2,14
Tim Duncan,Inactive,C,0.504,8.1,11.5,22.8,0,0.2,11.5,22.6,6.6,9.5,0.696,4.7,1.1,3.4,3.8,3.7,29.7,0.551,0.416,9.7,26.5,18.4,16.4,1.1,4.6,12.3
Tim Frazier,Active,PG,0.403,13,5.5,13.7,1.2,3.8,4.3,9.9,3.2,4.4,0.719,11,1.9,0.2,3.8,4.6,15.4,0.493,0.323,2.8,10.6,6.7,32.7,1.9,0.3,19.4
Tim Hardaway,Active,SG,0.427,16.7,8.6,20.1,3.5,9.9,5.1,10.2,3.5,4.3,0.803,3.3,1.1,0.3,2,3.2,24.1,0.548,0.215,1.2,8.9,5,10.9,1.1,0.6,8.4
Timofey Mozgov,Active,C,0.534,5.4,7.6,14.2,0,0.3,7.5,13.9,3.7,5,0.737,1.5,0.9,2.4,3.2,6.2,18.9,0.576,0.355,10.5,19.8,15.1,4.7,0.9,3.7,16.2
Timothe Luwawu-Cabarrot,Active,SF,0.402,13,5.9,14.8,2,6.6,3.9,8.2,4.3,5,0.854,3.1,1.3,0.4,3,6.3,18.2,0.536,0.341,2.3,11.5,6.9,9.6,1.3,0.7,15
Tobias Harris,Active,PF,0.469,11.6,9.2,19.7,1.6,4.8,7.7,14.9,4.3,5.3,0.809,2.8,1.3,0.9,2.3,3.3,24.4,0.552,0.267,4.2,17.9,10.9,9,1.3,1.4,9.3
Tomas Satoransky,Active,SG,0.418,11.6,4.2,10.1,0.6,2.5,3.6,7.5,1.6,2.3,0.697,6.3,1.8,0.4,2.6,4.1,10.6,0.477,0.224,3.9,9.1,6.5,16.7,1.8,0.7,19
Toney Douglas,Active,PG,0.404,16.3,7.4,18.2,3,8.5,4.4,9.8,2.6,3.1,0.824,6,2.4,0.2,2.8,5.2,20.3,0.517,0.17,3.2,10.2,6.7,18.5,2.4,0.3,12.4
Tony Allen,Active,SG,0.475,6.8,7.5,15.8,0.4,1.3,7.2,14.5,4,5.6,0.711,3.2,3.4,1,3.2,5.6,19.4,0.529,0.353,6.5,12.2,9.4,9.7,3.4,1.5,15.1
Tony Parker,Active,PG,0.493,10.4,10.8,21.8,0.7,2.2,10,19.6,4.7,6.3,0.753,9.7,1.5,0.1,4,2.8,27,0.549,0.289,1.4,8.8,5.2,32.3,1.5,0.2,13.9
Tony Snell,Active,SF,0.416,17.4,5.4,13,2.7,7.2,2.7,5.7,1.2,1.5,0.813,2.4,1.1,0.5,1.6,3.2,14.7,0.54,0.118,1.6,11.4,6.6,6.9,1.1,0.7,10.7
Tony Wroten,Inactive,PG,0.413,9.1,9.2,22.4,1.3,5.8,7.9,16.5,5.9,9.2,0.647,7,2.2,0.4,6,4.3,25.8,0.488,0.411,3.6,9.5,6.4,25.5,2.2,0.7,18.6
Tornike Shengelia,Inactive,SF,0.451,6.8,4.9,11,0.2,1.7,4.7,9.2,2.6,5.2,0.5,3.7,1.3,0.4,4.9,6.2,12.7,0.479,0.471,6.2,12.5,9.4,10.7,1.3,0.7,27.2
Toure' Murry,Inactive,PG,0.433,10.7,7.9,18.2,0.7,1.6,7.2,16.6,3.4,5.6,0.61,6.8,2.7,0.1,5.2,6.5,19.8,0.48,0.306,4.1,9.6,6.8,20.9,2.7,0.2,20
Travis Outlaw,Inactive,SF,0.423,15.1,8.2,19.4,1.4,4.2,6.8,15.2,3.9,5.2,0.744,2.1,1.4,1.6,2.1,4.3,21.7,0.5,0.268,4.3,13.8,9,6.7,1.4,2.3,8.9
Travis Wear,Inactive,SF,0.402,15.6,6.6,16.4,0.9,2.4,5.7,14,1.6,2,0.769,3.1,1.2,0.9,2.7,4.3,15.6,0.451,0.124,5.2,13.3,9.1,9.9,1.2,1.4,13.7
Trevor Ariza,Active,SF,0.426,14.3,6.6,15.5,2.3,6.5,4.3,9,2.8,3.9,0.717,3.7,2.7,0.6,2.5,3.5,18.3,0.531,0.253,4.2,14.8,9.5,11.3,2.7,0.9,12.5
Trevor Booker,Active,PF,0.515,7.6,7.2,14,0.4,1.1,6.9,12.9,2.3,3.7,0.626,2.6,1.7,1.3,2.5,5,17.1,0.547,0.265,10.6,19.8,15.2,8.1,1.7,2.1,13.9
Trey Burke,Active,PG,0.39,16.5,8.6,22.1,2.8,8.3,5.8,13.8,2.4,2.9,0.813,7.7,1.2,0.3,3,3.2,22.4,0.479,0.132,1.6,8.4,5,25,1.2,0.4,11.5
Trey Lyles,Active,PF,0.4,14.2,7.2,18.1,2.4,6.9,4.9,11.2,2.4,3.3,0.708,2.7,1.1,0.8,2.7,4.4,19.2,0.491,0.184,5,19.3,12.2,8.2,1.1,1.2,12
Tristan Thompson,Active,PF,0.515,4.1,6.6,12.9,0,0,6.6,12.8,3.6,5.9,0.611,1.5,0.9,1.4,2,4.3,16.9,0.545,0.456,13.4,20.8,17,4.5,0.9,2.2,11.5
Troy Daniels,Active,SG,0.399,22.2,8.4,21.1,6.1,14.9,2.4,6.2,1.4,1.8,0.776,2.3,0.9,0.2,2.2,4.2,24.3,0.555,0.087,1.9,8.4,5.1,7.5,0.9,0.3,9.2
Troy Murphy,Inactive,PF,0.445,14.1,7.3,16.3,1.6,4,5.7,12.3,3.9,5,0.785,2.8,1.2,0.7,2.3,4.8,20,0.541,0.309,7.4,24.2,15.7,8.7,1.2,1.1,10.9
Ty Lawson,Active,PG,0.46,12.6,7.8,16.9,1.5,4.1,6.3,12.8,4.7,6.1,0.77,10.3,2,0.2,3.6,2.8,21.7,0.555,0.362,2.5,8,5.3,32.2,2,0.3,15.6
Tyler Ennis,Active,PG,0.419,11.9,6.8,16.3,1.6,4.6,5.3,11.7,1.5,2,0.773,7.7,2.1,0.2,4,4.8,16.8,0.489,0.122,2,8.6,5.3,23.2,2.1,0.4,19
Tyler Hansbrough,Inactive,PF,0.439,8.3,6.8,15.4,0,0.2,6.8,15.3,7.1,9.6,0.738,1.3,1.5,0.7,2.3,6.2,20.6,0.525,0.618,11.7,16.5,14.1,4.1,1.5,1,10.4
Tyler Johnson,Active,SG,0.442,13.7,7.6,17.3,1.9,5.2,5.7,12.1,3.9,5.1,0.762,5,2,0.9,2.3,4,21.1,0.54,0.296,2.9,12,7.5,15.1,2,1.5,10.7
Tyler Ulis,Active,PG,0.421,15.4,7.8,18.6,0.9,3.4,6.9,15.3,2.3,3,0.775,9.6,2,0.2,3.3,3.1,18.9,0.474,0.162,1.9,7.5,4.6,30.5,2,0.4,14.1
Tyler Zeller,Active,C,0.499,7.4,8,16.1,0,0.1,8,16,3.9,5.1,0.769,2.7,0.7,1.7,2.5,6.3,20,0.546,0.319,9.3,18.4,13.7,8.4,0.7,2.7,12
Tyreke Evans,Active,SG,0.444,9.2,9.7,21.9,1,3.5,8.7,18.4,5.2,6.9,0.757,8.1,2.1,0.6,4.2,3.7,25.6,0.515,0.314,3.1,13.9,8.4,26.6,2.1,0.9,14.5
Tyrus Thomas,Inactive,PF,0.438,9,7.5,17.2,0.1,0.2,7.5,17,5.2,7.1,0.732,2.3,2.2,3.4,3.5,6.5,20.3,0.5,0.412,7.9,20.3,14.1,7.2,2.1,5.1,14.5
Tyshawn Taylor,Inactive,PG,0.354,9.8,6.8,19.3,1,2.7,5.9,16.6,4.2,6.2,0.684,6.2,2.7,0.1,6.1,5.9,18.9,0.428,0.32,1.2,6.8,4,19,2.7,0.2,21.6
Tyson Chandler,Active,C,0.594,3,6,10,0,0,6,10,4,6.2,0.647,1.5,1,2.3,2.7,5.3,15.9,0.624,0.622,12.7,25.1,18.8,4.6,1,3.4,17.7
Tyus Jones,Active,PG,0.389,14.2,4.9,12.7,1.6,4.7,3.3,7.9,2.3,3.1,0.744,9.9,3,0.3,2.7,3.1,13.7,0.489,0.243,1.5,8.4,4.9,27.9,3,0.5,16
Udonis Haslem,Active,PF,0.491,9.9,6.5,13.3,0,0.1,6.5,13.2,3,4,0.756,1.8,1,0.6,2,5,16.1,0.535,0.304,9.1,22.3,15.8,5.4,1,0.9,11.6
Viacheslav Kravtsov,Inactive,C,0.672,1.7,7.6,11.3,0,0,7.6,11.3,2.8,8.3,0.333,1.8,0.9,1.8,3.7,7.2,17.9,0.6,0.738,13.2,11.9,12.5,5.8,0.9,2.8,19.8
Victor Claver,Inactive,SF,0.398,14.5,4.9,12.2,1.7,5.6,3.2,6.6,1.2,2,0.585,2.7,1.5,0.8,2.8,5,12.5,0.479,0.163,4.5,14.3,9.4,7.7,1.5,1.1,17.7
Victor Oladipo,Active,SG,0.434,12.9,8.9,20.5,2,5.8,6.9,14.7,4.3,5.4,0.8,5.6,2.3,0.7,3.8,3.8,24.1,0.527,0.265,2.1,12.7,7.3,18.3,2.3,1.1,14.3
Vince Carter,Active,SG,0.434,14.3,10.9,24.8,2.5,6.7,8.3,18.1,5.8,7.3,0.799,5.5,1.7,1,3,4.5,30,0.536,0.293,4.2,12.3,8.2,20.1,1.7,1.4,9.7
Vladimir Radmanovic,Inactive,PF,0.415,16.6,7,16.8,3.2,8.3,3.8,8.5,2,2.6,0.758,3.2,1.7,0.9,2.7,5,19.1,0.531,0.156,4.7,15.4,10.1,9.7,1.7,1.2,13.1
Wayne Ellington,Active,SG,0.412,18.1,7.1,17.3,2.9,7.8,4.2,9.5,1.7,2.1,0.85,2.7,1.2,0.2,1.7,2.7,19,0.52,0.119,1.8,10.1,5.9,8.5,1.2,0.3,8.5
Wesley Johnson,Active,SF,0.406,17.8,6.3,15.5,2.3,6.9,4,8.6,1.3,1.8,0.743,2.5,1.7,1.4,2,4.2,16.2,0.499,0.117,2.8,13,7.9,7.5,1.7,2.2,10.9
Wesley Matthews,Active,SG,0.43,16.3,7.6,17.6,3.4,8.8,4.2,8.9,3.6,4.4,0.828,3.4,1.8,0.3,2.1,3.5,22.2,0.566,0.249,1.9,9.2,5.5,10.5,1.8,0.5,9.7
Will Barton,Active,SG,0.427,12.3,8.4,19.6,1.9,5.9,6.4,13.7,4,5.1,0.784,4.6,1.7,0.8,3,3.3,22.7,0.519,0.263,3.4,16.3,9.8,14.4,1.7,1.3,12
Will Bynum,Inactive,PG,0.442,10.4,9,20.4,0.7,2.5,8.3,17.9,4.9,6.1,0.799,9.6,2.1,0.2,4.7,5.4,23.5,0.51,0.299,2.1,8.1,5,30.5,2.1,0.4,16.8
Willie Cauley-Stein,Active,C,0.544,5,7.8,14.3,0,0.1,7.8,14.2,3.2,4.8,0.659,2,1.8,1.9,2,5.1,18.7,0.57,0.337,8.7,18.5,13.6,6.6,1.8,3.3,10.9
Willie Green,Inactive,SG,0.425,14.6,8.6,20.2,1.8,5.3,6.8,14.9,2.5,3.3,0.765,3.6,1.4,0.4,2.5,4.5,21.6,0.498,0.163,1.9,8.5,5.2,11.6,1.4,0.6,10.4
Willie Reed,Active,C,0.569,4.2,8.2,14.5,0,0.1,8.2,14.3,2.7,4.9,0.552,1.2,0.8,2.7,1.6,6.4,19.2,0.578,0.342,13.4,21.3,17.3,3.9,0.8,4.2,8.9
Willy Hernangomez,Active,C,0.529,5,9.3,17.6,0.2,0.6,9.1,17,3.4,4.7,0.728,3.6,1.5,1.4,3.8,5.7,22.2,0.564,0.269,13.8,27.1,20.4,11.5,1.5,2.2,16.1
Wilson Chandler,Active,SF,0.445,13.6,8.7,19.6,2.2,6.3,6.6,13.3,2.9,3.7,0.769,2.9,1.2,1.1,2.4,4.5,22.5,0.529,0.191,4.1,15.5,9.7,9.2,1.2,1.6,10
Xavier Henry,Inactive,SF,0.406,12.1,6.6,16.2,0.7,2.3,5.8,14,4.9,7.7,0.635,2.1,1.8,0.4,2.5,4.7,18.8,0.479,0.474,3.2,10.7,6.9,6.5,1.8,0.6,11.3
Yogi Ferrell,Active,PG,0.406,16.7,6.9,16.9,2.9,7.6,4,9.4,3.2,3.8,0.831,7.4,1.8,0.4,3,3.9,19.8,0.533,0.226,1.8,9.2,5.3,23.2,1.8,0.7,13.9
Zach LaVine,Active,SG,0.445,14.7,8.9,20,2.6,6.8,6.3,13.2,3.6,4.4,0.821,5.7,1.4,0.3,3.7,3.9,24,0.547,0.222,1.4,10.4,5.9,18.6,1.4,0.5,14.4
Zach Randolph,Active,PF,0.471,8.3,11.3,24.1,0.2,0.9,11.1,23.1,5.5,7.2,0.763,3.1,1.3,0.5,3.5,4,28.4,0.522,0.299,11.2,23.8,17.4,10.7,1.3,0.7,11.3
Zaza Pachulia,Active,C,0.465,5.6,6.1,13.1,0,0.1,6.1,13,5.2,7,0.748,3.2,1.8,0.9,3.4,6.3,17.4,0.538,0.531,12.4,20.2,16.3,9.4,1.8,1.3,17.3
